formula,qx,qy,sg,theta,phi,label4,label2,label_src,group_id,uid,uid_ambiguous
Ag2ReBr6,0.3333333333333333,0.3333333333333333,P-31m,86,190,NC,non_collinear,Q-based,P-31m|Ag-Re,1ReAg2Br6-1,False
Ag2ReCl6,0.3333333333333333,0.3333333333333333,P-31m,90,60,NC,non_collinear,Q-based,P-31m|Ag-Re,1ReAg2Cl6-1,False
Ag2ReF6,0.3333333333333333,0.3333333333333333,P-3,90,38,NC,non_collinear,Q-based,P-3|Ag-Re,1ReAg2F6-1,False
Ag2ReI6,0.3333333333333333,0.3333333333333333,P-31m,22,199,NC,non_collinear,Q-based,P-31m|Ag-Re,1ReAg2I6-1,False
AgCrAs2Se6,0.07,0.07,P312,2,240,NC,non_collinear,Q-based,P312|Ag-Cr,1AgCrAs2Se6-1,False
AgCrAs2Te6,0.5,-0.5,C2,2,240,AFM_collinear,collinear,Table2,C2|Ag-Cr,1AgCrAs2Te6-1,False
AgCrP2S6,0.0,0.0,P312,90,340,FM,collinear,Q=Gamma,P312|Ag-Cr,1AgCrP2S6-1,False
AgCrP2Se6,0.0,0.0,P312,0,0,FM,collinear,Q=Gamma,P312|Ag-Cr,1AgCrP2Se6-1,False
AgF6Ge,0.5,-0.5,P-1,28,212,AFM_collinear,collinear,Table2,P-1|Ag,1AgGeF6-1,False
AgMoBr4,0.25,0.5,P2/m,90,184,NC,non_collinear,Q-based,P2/m|Ag-Mo,1AgMoBr4-1,False
AgVP2S6,0.0,0.0,C2,26,59,FM,collinear,Q=Gamma,C2|Ag-V,1AgVP2S6-1,False
AgVP2Se6,0.0,0.0,C2,0,0,DM_SS,non_collinear,Table1,C2|Ag-V,1AgVP2Se6-1,False
Al2MnS4,0.36,0.28,P3m1,74,29,NC,non_collinear,Q-based,P3m1|Mn,1MnAl2S4-2,False
Al2MnTe4,0.5,0.0,P-3m1,88,30,AFM_collinear,collinear,Table2,P-3m1|Mn,1MnAl2Te4-1,False
Al2VS4,0.3333333333333333,0.3333333333333333,P-3m1,2,120,NC,non_collinear,Q-based,P-3m1|V,1VAl2S4-1,False
Al2VSe4,0.3333333333333333,0.3333333333333333,P-3m1,90,242,NC,non_collinear,Q-based,P-3m1|V,1VAl2Se4-1,False
Al2VTe4,0.1666666666666666,0.1666666666666666,P-3m1,90,150,NC,non_collinear,Q-based,P-3m1|V,1VAl2Te4-1,False
AlMnI2S2,0.5,0.0,Pmm2,90,94,AFM_collinear,collinear,Table2,Pmm2|Mn,1AlMnI2S2-1,False
Au2ReF6,0.0,0.0,P1,10,35,DM_SS,non_collinear,Table1,P1|Au-Re,1ReAu2F6-1,False
Au2VI4S,0.0,0.0,P1,58,82,FM,collinear,Q=Gamma,P1|Au-V,1SVAu2I4-1,False
AuSnF6,0.53,-0.42,P-1,32,201,NC,non_collinear,Q-based,P-1|Au,1AuSnF6-1,False
AuVP2Se6,0.0,0.0,C2,56,239,DM_SS,non_collinear,Table1,C2|Au-V,1AuVP2Se6-1,False
Bi2MnS4,0.3333333333333333,0.3333333333333333,P-3m1,90,328,NC,non_collinear,Q-based,P-3m1|Mn,1MnBi2S4-1,False
Bi2MnSe4,0.3333333333333333,0.3333333333333333,P-3m1,90,240,NC,non_collinear,Q-based,P-3m1|Mn,1MnBi2Se4-1,False
Bi2MnTe4,0.3333333333333333,0.3333333333333333,P-3m1,76,265,NC,non_collinear,Q-based,P-3m1|Mn,1MnBi2Te4-1,False
CoBr2,0.02,0.02,P-3m1,86,276,NC,non_collinear,Q-based,P-3m1|Co,1CoBr2-2,False
CoBr2,0.0,0.0,P-4m2,0,0,DM_SS,non_collinear,Table1,P-4m2|Co,1CoBr2-1,False
CoCl2,0.0,0.0,P-3m1,0,0,FM,collinear,Q=Gamma,P-3m1|Co,1CoCl2-2,False
CoCl2,0.0,0.0,P-4m2,20,151,FM,collinear,Q=Gamma,P-4m2|Co,1CoCl2-1,False
CoF2,0.0,0.0,P-4m2,90,270,FM,collinear,Q=Gamma,P-4m2|Co,1CoF2-2,False
CoGa2S4,0.0,0.0,P-3m1,88,90,FM,collinear,Q=Gamma,P-3m1|Co,1CoGa2S4-1,True
CoGa2S4,0.0,0.0,P-3m1,90,276,FM,collinear,Q=Gamma,P-3m1|Co,1CoGa2S4-2,True
CoGa2Se4,0.0,0.0,P-3m1,90,280,FM,collinear,Q=Gamma,P-3m1|Co,1CoGa2Se4-1,True
CoGa2Se4,0.0,0.0,P-3m1,90,90,FM,collinear,Q=Gamma,P-3m1|Co,1CoGa2Se4-2,True
CoI2,0.5,0.0,P-3m1,86,126,AFM_collinear,collinear,Table2,P-3m1|Co,1CoI2-2,False
CoI2,0.08,0.08,P-4m2,90,46,NC,non_collinear,Q-based,P-4m2|Co,1CoI2-1,False
CoO2,0.0,0.0,P-3m1,90,24,FM,collinear,Q=Gamma,P-3m1|Co,1CoO2-1,False
CoZrBr6,0.46,-0.46,C2,28,246,NC,non_collinear,Q-based,C2|Co-Zr,1CoZrBr6-1,False
CrBrI,0.0,0.0,P3m1,84,269,FM,collinear,Q=Gamma,P3m1|Cr,1BrCrI-1,True
CrClI,0.0,0.0,P3m1,74,237,FM,collinear,Q=Gamma,P3m1|Cr,1ClCrI-1,True
CrClTe,0.05,0.05,P3m1,10,151,NC,non_collinear,Q-based,P3m1|Cr,1ClCrTe-1,False
CrCuP2Se6,0.0,0.0,C2,8,58,FM,collinear,Q=Gamma,C2|Cr-Cu,1CrCuP2Se6-1,False
CrF2O,0.0,0.125,Pmmm,90,90,NC,non_collinear,Q-based,Pmmm|Cr,1CrOF2-1,False
CrGa2S4,0.0,0.0,P-3m1,4,277,FM,collinear,Q=Gamma,P-3m1|Cr,1CrGa2S4-1,False
CrGa2Se4,0.0,0.0,P-3m1,0,0,FM,collinear,Q=Gamma,P-3m1|Cr,1CrGa2Se4-1,False
CrGa2Te4,0.0,0.0,P-3m1,0,0,FM,collinear,Q=Gamma,P-3m1|Cr,1CrGa2Te4-1,False
CrHO2,0.0,0.0,P3m1,0,0,FM,collinear,Q=Gamma,P3m1|Cr,1CrHO2-1,False
CrI2,0.0,0.0,P-3m1,90,240,FM,collinear,Q=Gamma,P-3m1|Cr,1CrI2-1,False
CrI2,0.0,0.0,P-4m2,90,180,FM,collinear,Q=Gamma,P-4m2|Cr,1CrI2-2,False
CrISe,0.0,0.0,P3m1,90,282,DM_SS,non_collinear,Table1,P3m1|Cr,1CrISe-1,False
CrIn2Te4,0.0,0.0,P-3m1,0,0,FM,collinear,Q=Gamma,P-3m1|Cr,1CrIn2Te4-1,False
CrO2,0.0,0.0,P-3m1,74,208,FM,collinear,Q=Gamma,P-3m1|Cr,1CrO2-1,False
CrO2,0.0,0.1666666666666666,P-4m2,90,0,NC,non_collinear,Q-based,P-4m2|Cr,1CrO2-3,False
CrS2,0.0,0.0,P-4m2,0,0,FM,collinear,Q=Gamma,P-4m2|Cr,1CrS2-3,False
CrSe2,0.0,0.0,P-4m2,90,44,FM,collinear,Q=Gamma,P-4m2|Cr,1CrSe2-3,False
Cu2ReCl6,0.3333333333333333,0.3333333333333333,P-3,90,34,NC,non_collinear,Q-based,P-3|Cu-Re,1ReCu2Cl6-1,False
Cu2ReF6,0.35,0.35,P-1,70,81,NC,non_collinear,Q-based,P-1|Cu-Re,1ReCu2F6-1,False
Cu2ReI6,0.3333333333333333,0.3333333333333333,P-3,0,0,NC,non_collinear,Q-based,P-3|Cu-Re,1ReCu2I6-1,False
CuLi2O2,0.0,0.5,C2/m,16,274,AFM_collinear,collinear,Table2,C2/m|Cu,1CuLi2O2-1,False
CuVP2S6,0.0,0.0,C2,44,60,FM,collinear,Q=Gamma,C2|Cu-V,1CuVP2S6-1,False
CuVP2Se6,0.0,0.0,C2,6,57,DM_SS,non_collinear,Table1,C2|Cu-V,1CuVP2Se6-1,False
FeBr2,0.0,0.0,P-3m1,90,8,FM,collinear,Q=Gamma,P-3m1|Fe,1FeBr2-1,False
FeBr2,0.5,0.5,P-4m2,0,0,AFM_collinear,collinear,Table2,P-4m2|Fe,1FeBr2-2,False
FeBr2,0.0,0.0,P-6m2,90,180,FM,collinear,Q=Gamma,P-6m2|Fe,1FeBr2-3,False
FeCl2,0.0,0.0,P-3m1,84,56,FM,collinear,Q=Gamma,P-3m1|Fe,1FeCl2-1,False
FeCl2,0.5,0.5,P-4m2,0,0,AFM_collinear,collinear,Table2,P-4m2|Fe,1FeCl2-2,False
FeCl2,0.0,0.0,P-6m2,0,0,FM,collinear,Q=Gamma,P-6m2|Fe,1FeCl2-3,False
FeI2,0.0,0.0,P-3m1,90,0,FM,collinear,Q=Gamma,P-3m1|Fe,1FeI2-1,False
FeI2,0.5,0.5,P-4m2,0,0,AFM_collinear,collinear,Table2,P-4m2|Fe,1FeI2-2,False
FeI2,0.0,0.0,P-6m2,90,184,FM,collinear,Q=Gamma,P-6m2|Fe,1FeI2-3,False
FeMgBr2O2,-0.35,0.68,Cm,58,266,NC,non_collinear,Q-based,Cm|Fe,1FeMgBr2O2-1,False
FeO2,0.0,0.0,P-3m1,90,270,FM,collinear,Q=Gamma,P-3m1|Fe,1FeO2-1,False
FeO2,0.0,0.0,P-6m2,90,28,FM,collinear,Q=Gamma,P-6m2|Fe,1FeO2-3,False
FeS2,0.0,0.0,P-6m2,90,0,FM,collinear,Q=Gamma,P-6m2|Fe,1FeS2-2,False
FeTe2,0.0,0.0,P-6m2,90,60,FM,collinear,Q=Gamma,P-6m2|Fe,1FeTe2-2,False
Ga2MnS4,0.3333333333333333,0.3333333333333333,P3m1,40,276,NC,non_collinear,Q-based,P3m1|Mn,1MnGa2S4-2,False
Ga2MnSe4,0.5,0.0,P-3m1,88,352,AFM_collinear,collinear,Table2,P-3m1|Mn,1MnGa2Se4-1,False
Ga2NiS4,0.3333333333333333,0.3333333333333333,P-3m1,90,332,NC,non_collinear,Q-based,P-3m1|Ni,1NiGa2S4-1,True
Ga2VS4,0.3333333333333333,0.3333333333333333,P-3m1,88,148,NC,non_collinear,Q-based,P-3m1|V,1VGa2S4-1,False
Ga2VSe4,0.2857142857142857,0.2857142857142857,P-3m1,90,328,NC,non_collinear,Q-based,P-3m1|V,1VGa2Se4-1,False
Ga2VTe4,0.2,0.0,P-3m1,90,212,NC,non_collinear,Q-based,P-3m1|V,1VGa2Te4-1,False
GaMnBr4Cl2,0.51,-0.49,P1,36,289,AFM_collinear,collinear,Table2,P1|Mn,1GaMnCl2Br4-1,False
GaMnBr5Cl,0.51,-0.49,P1,36,173,AFM_collinear,collinear,Table2,P1|Mn,1ClGaMnBr5-1,False
GaMnCl2O2,0.5,0.0,Pm,90,94,AFM_collinear,collinear,Table2,Pm|Mn,1GaMnCl2O2-1,False
HfMnBr6,0.3333333333333333,0.3333333333333333,P312,2,120,NC,non_collinear,Q-based,P312|Hf-Mn,1HfMnBr6-1,False
HfMnCl6,0.3333333333333333,0.3333333333333333,P312,76,311,NC,non_collinear,Q-based,P312|Hf-Mn,1HfMnCl6-1,False
HfMnI6,0.3333333333333333,0.3333333333333333,P312,0,0,NC,non_collinear,Q-based,P312|Hf-Mn,1HfMnI6-1,False
HfNiBr6,0.0,0.0,P312,74,0,DM_SS,non_collinear,Table1,P312|Hf-Ni,1HfNiBr6-1,False
HfNiCl6,0.0,0.0,P312,8,187,FM,collinear,Q=Gamma,P312|Hf-Ni,1HfNiCl6-1,False
HfNiF6,0.3333333333333333,0.3333333333333333,P312,86,94,NC,non_collinear,Q-based,P312|Hf-Ni,1HfNiF6-1,False
HfNiI6,0.0,0.0,P312,90,18,DM_SS,non_collinear,Table1,P312|Hf-Ni,1HfNiI6-1,False
HfPdBr6,0.05,0.05,P312,4,249,NC,non_collinear,Q-based,P312|Hf-Pd,1HfPdBr6-1,False
HfPdCl6,0.0,0.0,P312,0,0,DM_SS,non_collinear,Table1,P312|Hf-Pd,1HfPdCl6-1,False
HfPdF6,0.3333333333333333,0.3333333333333333,P312,0,0,NC,non_collinear,Q-based,P312|Hf-Pd,1HfPdF6-1,False
In2MnS4,0.3333333333333333,0.3333333333333333,P-3m1,90,266,NC,non_collinear,Q-based,P-3m1|Mn,1MnIn2S4-1,False
In2MnSe4,0.31,0.31,P-3m1,90,60,NC,non_collinear,Q-based,P-3m1|Mn,1MnIn2Se4-1,False
In2MnSe4,0.5,0.0,P3m1,8,202,AFM_collinear,collinear,Table2,P3m1|Mn,1MnIn2Se4-2,False
In2VSe4,0.0,0.0,P-3m1,88,208,FM,collinear,Q=Gamma,P-3m1|V,1VIn2Se4-1,False
In2VTe4,0.0,0.0,P-3m1,90,96,FM,collinear,Q=Gamma,P-3m1|V,1VIn2Te4-1,False
InMnBr6,0.49,-0.51,C2,2,60,AFM_collinear,collinear,Table2,C2|Mn,1InMnBr6-1,False
MnBr2,0.3333333333333333,0.3333333333333333,P-3m1,90,236,NC,non_collinear,Q-based,P-3m1|Mn,1MnBr2-1,False
MnBr2,0.5,0.5,P-4m2,90,314,AFM_collinear,collinear,Table2,P-4m2|Mn,1MnBr2-2,False
MnCl2,0.3333333333333333,0.3333333333333333,P-3m1,56,319,NC,non_collinear,Q-based,P-3m1|Mn,1MnCl2-1,False
MnCl2,0.5,0.5,P-4m2,90,226,AFM_collinear,collinear,Table2,P-4m2|Mn,1MnCl2-2,False
MnI2,0.3333333333333333,0.3333333333333333,P-3m1,0,0,NC,non_collinear,Q-based,P-3m1|Mn,1MnI2-1,False
MnI2,0.5,0.5,P-4m2,0,0,AFM_collinear,collinear,Table2,P-4m2|Mn,1MnI2-2,False
MnNiS2Se2,0.23,0.0,Pm,44,276,NC,non_collinear,Q-based,Pm|Mn-Ni,1MnNiS2Se2-1,False
MnO2,0.1428571428571428,0.1428571428571428,P-3m1,88,152,NC,non_collinear,Q-based,P-3m1|Mn,1MnO2-1,False
MnO2,0.0,0.0,P-6m2,0,0,FM,collinear,Q=Gamma,P-6m2|Mn,1MnO2-3,False
MnS2,0.12,0.12,P-3m1,2,0,NC,non_collinear,Q-based,P-3m1|Mn,1MnS2-1,False
MnS2,0.5,0.5,P-4m2,90,224,AFM_collinear,collinear,Table2,P-4m2|Mn,1MnS2-3,False
MnScBr6,0.22,-0.44,C2,90,200,NC,non_collinear,Q-based,C2|Mn-Sc,1MnScBr6-1,False
MnSe2,0.1,0.1,P-3m1,0,0,NC,non_collinear,Q-based,P-3m1|Mn,1MnSe2-1,False
MnTe2,0.1,0.1,P-3m1,78,149,NC,non_collinear,Q-based,P-3m1|Mn,1MnTe2-1,False
MnTe2,0.3333333333333333,0.3333333333333333,P-6m2,0,0,NC,non_collinear,Q-based,P-6m2|Mn,1MnTe2-2,False
MnZrBr6,0.3333333333333333,0.3333333333333333,P312,14,254,NC,non_collinear,Q-based,P312|Mn-Zr,1MnZrBr6-1,False
MnZrI6,0.3333333333333333,0.3333333333333333,P312,0,0,NC,non_collinear,Q-based,P312|Mn-Zr,1MnZrI6-1,False
MoOsCl6,0.1,0.1,C2,32,235,NC,non_collinear,Q-based,C2|Mo-Os,1MoOsCl6-1,False
NiBr2,0.1,0.1,P-3m1,86,54,NC,non_collinear,Q-based,P-3m1|Ni,1NiBr2-1,False
NiBr2,0.0,0.0,P-4m2,2,300,DM_SS,non_collinear,Table1,P-4m2|Ni,1NiBr2-2,False
NiBrCl,0.1,0.1,P3m1,90,322,NC,non_collinear,Q-based,P3m1|Ni,1BrClNi-1,False
NiCl2,0.07,0.07,P-3m1,88,318,NC,non_collinear,Q-based,P-3m1|Ni,1NiCl2-1,False
NiF2,0.0,0.0,P-3m1,8,274,FM,collinear,Q=Gamma,P-3m1|Ni,1NiF2-1,False
NiH2O2,0.3333333333333333,0.3333333333333333,P-3m1,0,0,NC,non_collinear,Q-based,P-3m1|Ni,1NiH2O2-1,False
NiI2,0.12,0.12,P-3m1,90,60,NC,non_collinear,Q-based,P-3m1|Ni,1NiI2-1,False
NiI2,0.17,0.17,P-4m2,90,18,NC,non_collinear,Q-based,P-4m2|Ni,1NiI2-2,False
NiPdF6,0.13,-0.13,C2/m,6,133,NC,non_collinear,Q-based,C2/m|Ni-Pd,1NiPdF6-1,False
NiTiBr3Cl3,0.0,0.0,P1,52,294,FM,collinear,Q=Gamma,P1|Ni-Ti,1NiTiBr3Cl3-1,False
NiZrBr6,0.0,0.0,P312,22,0,DM_SS,non_collinear,Table1,P312|Ni-Zr,1NiZrBr6-1,False
NiZrCl6,0.0,0.0,P312,8,187,FM,collinear,Q=Gamma,P312|Ni-Zr,1NiZrCl6-1,False
NiZrF6,0.0,0.0,P312,20,180,FM,collinear,Q=Gamma,P312|Ni-Zr,1NiZrF6-1,False
NiZrI6,0.0,0.0,P312,90,358,DM_SS,non_collinear,Table1,P312|Ni-Zr,1NiZrI6-1,False
PdBr2,0.12,0.12,P-3m1,90,240,NC,non_collinear,Q-based,P-3m1|Pd,1PdBr2-1,False
PdCl2,0.1,0.1,P-3m1,10,325,NC,non_collinear,Q-based,P-3m1|Pd,1PdCl2-1,False
PdZrBr6,0.02,0.02,P312,18,238,NC,non_collinear,Q-based,P312|Pd-Zr,1PdZrBr6-1,False
PdZrI6,0.0,0.0,P312,90,270,FM,collinear,Q=Gamma,P312|Pd-Zr,1PdZrI6-1,False
PtCl2,0.1,0.1,P-3m1,90,240,NC,non_collinear,Q-based,P-3m1|Pt,1PtCl2-1,False
ScH2,0.0,0.0,P-6m2,90,62,FM,collinear,Q=Gamma,P-6m2|Sc,1ScH2-1,False
ScO2,0.0,0.0,P-3m1,90,118,FM,collinear,Q=Gamma,P-3m1|Sc,1ScO2-1,False
ScO2,0.0,0.0,P-6m2,90,126,FM,collinear,Q=Gamma,P-6m2|Sc,1ScO2-2,False
ScS2,0.0,0.0,P-6m2,90,176,FM,collinear,Q=Gamma,P-6m2|Sc,1ScS2-2,False
ScSe2,0.0,0.0,P-6m2,90,0,FM,collinear,Q=Gamma,P-6m2|Sc,1ScSe2-2,False
TaO2,0.0,0.0,P-4m2,0,0,DM_SS,non_collinear,Table1,P-4m2|Ta,1TaO2-3,False
VBr2,0.3333333333333333,0.3333333333333333,P-3m1,88,42,NC,non_collinear,Q-based,P-3m1|V,1VBr2-1,False
VBr2O,0.5,0.5,Pmm2,0,0,AFM_collinear,collinear,Table2,Pmm2|V,1OVBr2-1,False
VBrCl,0.3333333333333333,0.3333333333333333,P3m1,2,300,NC,non_collinear,Q-based,P3m1|V,1BrClV-1,True
VBrI,0.3333333333333333,0.3333333333333333,P3m1,90,148,NC,non_collinear,Q-based,P3m1|V,1BrIV-1,True
VBrI,0.3333333333333333,0.3333333333333333,P3m1,0,0,NC,non_collinear,Q-based,P3m1|V,1BrIV-2,True
VCl2,0.3333333333333333,0.3333333333333333,P-3m1,90,58,NC,non_collinear,Q-based,P-3m1|V,1VCl2-1,False
VCl2O,0.5,0.5,Pmm2,0,0,AFM_collinear,collinear,Table2,Pmm2|V,1OVCl2-1,False
VClI,0.3333333333333333,0.3333333333333333,P3m1,90,150,NC,non_collinear,Q-based,P3m1|V,1ClIV-1,True
VClIO,0.0,0.0,Pm,30,280,DM_SS,non_collinear,Table1,Pm|V,1ClIOV-1,False
VF2O,0.0,0.0,Pmm2,90,90,DM_SS,non_collinear,Table1,Pmm2|V,1OVF2-1,False
VI2,0.1428571428571428,0.1428571428571428,P-3m1,42,324,NC,non_collinear,Q-based,P-3m1|V,1VI2-1,False
VI2O,-0.31,-0.5,Pmm2,0,0,NC,non_collinear,Q-based,Pmm2|V,1OVI2-1,False
VO2,0.0,0.0,P-4m2,0,0,FM,collinear,Q=Gamma,P-4m2|V,1VO2-2,False
VS2,0.0,0.0,P-4m2,90,270,FM,collinear,Q=Gamma,P-4m2|V,1VS2-3,False
VSTe,0.0,0.0,P3m1,84,330,FM,collinear,Q=Gamma,P3m1|V,1STeV-1,True
VSe2,0.0,0.0,P-4m2,90,312,FM,collinear,Q=Gamma,P-4m2|V,1VSe2-3,False
VSe2,0.0,0.0,P-6m2,90,270,FM,collinear,Q=Gamma,P-6m2|V,1VSe2-1,False
VSeTe,0.0,0.0,P3m1,90,240,FM,collinear,Q=Gamma,P3m1|V,1SeTeV-1,True
VSeTe,0.0,0.0,P3m1,90,300,FM,collinear,Q=Gamma,P3m1|V,1SeTeV-2,True
VTe2,0.0,0.0,P-6m2,88,270,FM,collinear,Q=Gamma,P-6m2|V,1VTe2-1,False
YCl2,0.2,0.0,P-6m2,0,0,NC,non_collinear,Q-based,P-6m2|Y,1YCl2-1,False
