task,scenario,model,seed,f1_macro,mcc,n_test
T4cls,indist_c2db,dummy,0,0.5034752330675053,0.00695862616106557,1130
T4cls,indist_c2db,logreg,0,0.8091996177238359,0.6324426094037953,1130
T4cls,indist_c2db,lgbm,0,0.9142668241873774,0.8287217754113049,1130
T4cls,indist_c2db,dummy,0,0.4821863740879546,-0.03562379791369009,1126
T4cls,indist_c2db,logreg,0,0.7962818832268284,0.604878462365732,1126
T4cls,indist_c2db,lgbm,0,0.9143999635097535,0.8292127378390328,1126
T4cls,indist_c2db,dummy,0,0.48316747163877344,-0.033657321989782024,1130
T4cls,indist_c2db,logreg,0,0.7956155131989726,0.6069795499041212,1130
T4cls,indist_c2db,lgbm,0,0.9221721854304636,0.8452251315328683,1130
T4cls,indist_c2db,dummy,0,0.516380239458747,0.03276142065625118,1127
T4cls,indist_c2db,logreg,0,0.7871718821163951,0.5852472341078356,1127
T4cls,indist_c2db,lgbm,0,0.9120059376128115,0.8250324323256012,1127
T4cls,indist_c2db,dummy,0,0.5299588343624743,0.05992155957281492,1127
T4cls,indist_c2db,logreg,0,0.7899473342224959,0.590102887844868,1127
T4cls,indist_c2db,lgbm,0,0.9212085902767819,0.8425362583831605,1127
T4cls,indist_c2db,dummy,1,0.4732051411508446,-0.053586361514502114,1128
T4cls,indist_c2db,logreg,1,0.8101274862193144,0.6327532973854993,1128
T4cls,indist_c2db,lgbm,1,0.9145922689434935,0.8295956093554927,1128
T4cls,indist_c2db,dummy,1,0.523854403639909,0.047712641113390596,1127
T4cls,indist_c2db,logreg,1,0.7982537913331307,0.6132819053793598,1127
T4cls,indist_c2db,lgbm,1,0.9205865851776729,0.8415876608303693,1127
T4cls,indist_c2db,dummy,1,0.49151075400660676,-0.01697496491343707,1128
T4cls,indist_c2db,logreg,1,0.7945669934640522,0.600860762796156,1128
T4cls,indist_c2db,lgbm,1,0.9227096346090042,0.8454268216894284,1128
T4cls,indist_c2db,dummy,1,0.49151075400660676,-0.01697496491343707,1128
T4cls,indist_c2db,logreg,1,0.775922392798544,0.5666702866009596,1128
T4cls,indist_c2db,lgbm,1,0.9143229166666667,0.82871348307666,1128
T4cls,indist_c2db,dummy,1,0.512054571517068,0.024112857136078757,1129
T4cls,indist_c2db,logreg,1,0.7999986373144192,0.6108068747951804,1129
T4cls,indist_c2db,lgbm,1,0.9160509820047176,0.8321482877936542,1129
T4cls,indist_c2db,dummy,2,0.5057484528944218,0.011500565776280183,1128
T4cls,indist_c2db,logreg,2,0.8045280447817086,0.6244791426663182,1128
T4cls,indist_c2db,lgbm,2,0.9356946818531847,0.8714840438579446,1128
T4cls,indist_c2db,dummy,2,0.5057484528944218,0.011500565776280183,1128
T4cls,indist_c2db,logreg,2,0.783800804312484,0.5768002535760385,1128
T4cls,indist_c2db,lgbm,2,0.9132889599287481,0.8278879341715639,1128
T4cls,indist_c2db,dummy,2,0.48947679702263314,-0.021042897869110965,1128
T4cls,indist_c2db,logreg,2,0.8092689032146234,0.6312848281934181,1128
T4cls,indist_c2db,lgbm,2,0.9199484720841047,0.8399137620650589,1128
T4cls,indist_c2db,dummy,2,0.5177499729173437,0.03550372265396627,1127
T4cls,indist_c2db,logreg,2,0.7911888831703551,0.5912374234495396,1127
T4cls,indist_c2db,lgbm,2,0.9040231858577257,0.8088834387823516,1127
T4cls,indist_c2db,dummy,2,0.512054571517068,0.024112857136078757,1129
T4cls,indist_c2db,logreg,2,0.8017111601766359,0.6246875521156803,1129
T4cls,indist_c2db,lgbm,2,0.9228994364624887,0.8463563057164051,1129
T4cls,indist_c2db,dummy,3,0.5037144959104481,0.007432632820606289,1128
T4cls,indist_c2db,logreg,3,0.812942216981132,0.6474961214224302,1128
T4cls,indist_c2db,lgbm,3,0.928054955923689,0.8561268983197222,1128
T4cls,indist_c2db,dummy,3,0.5159182378142897,0.03184023055464965,1128
T4cls,indist_c2db,logreg,3,0.8013921557901647,0.6126727091083831,1128
T4cls,indist_c2db,lgbm,3,0.9113283667725336,0.8227034697517557,1128
T4cls,indist_c2db,dummy,3,0.5075759217130683,0.015155525221592395,1127
T4cls,indist_c2db,logreg,3,0.7724936947894814,0.5566146349414821,1127
T4cls,indist_c2db,lgbm,3,0.9017515310459059,0.8036892467770685,1127
T4cls,indist_c2db,dummy,3,0.5016805389264747,0.003364699864932396,1128
T4cls,indist_c2db,logreg,3,0.8020144841392655,0.6177194393465072,1128
T4cls,indist_c2db,lgbm,3,0.9176633540682293,0.8357955886365113,1128
T4cls,indist_c2db,dummy,3,0.5100214655650558,0.020046626261301624,1129
T4cls,indist_c2db,logreg,3,0.7876821814762576,0.5936716251435283,1129
T4cls,indist_c2db,lgbm,3,0.9082199918706813,0.8165878215241675,1129
T4cls,indist_c2db,dummy,4,0.4955786679745539,-0.008839099002089285,1128
T4cls,indist_c2db,logreg,4,0.8067371941910688,0.6246428055923138,1128
T4cls,indist_c2db,lgbm,4,0.9216354989673923,0.8432879923977101,1128
T4cls,indist_c2db,dummy,4,0.5199861517822368,0.03997609646599744,1128
T4cls,indist_c2db,logreg,4,0.7945746775935455,0.6032452720489179,1128
T4cls,indist_c2db,lgbm,4,0.9056264804337597,0.8112548014555919,1128
T4cls,indist_c2db,dummy,4,0.499646581942501,-0.0007032330907414976,1128
T4cls,indist_c2db,logreg,4,0.8046036547642921,0.6198538849814088,1128
T4cls,indist_c2db,lgbm,4,0.8993923286560508,0.7987864884704152,1128
T4cls,indist_c2db,dummy,4,0.5039221477090191,0.00784793363697022,1129
T4cls,indist_c2db,logreg,4,0.7788446470303674,0.5681841408773997,1129
T4cls,indist_c2db,lgbm,4,0.9098534864588688,0.8197235661764442,1129
T4cls,indist_c2db,dummy,4,0.5035063012313581,0.007016246248642846,1127
T4cls,indist_c2db,logreg,4,0.8027176022589181,0.6214195298815743,1127
T4cls,indist_c2db,lgbm,4,0.9348860722926371,0.8697798173812951,1127
T4cls,indist_jarvis2d,dummy,0,0.5294365160068726,0.05987541628177858,220
T4cls,indist_jarvis2d,logreg,0,0.7781683039958515,0.577551077443105,220
T4cls,indist_jarvis2d,lgbm,0,0.9045691150954309,0.8161821366630235,220
T4cls,indist_jarvis2d,dummy,0,0.5268646408839779,0.05513521463747194,221
T4cls,indist_jarvis2d,logreg,0,0.7348863160831357,0.4926060083709793,221
T4cls,indist_jarvis2d,lgbm,0,0.8354217257568399,0.6709228132876774,221
T4cls,indist_jarvis2d,dummy,0,0.49857989410568393,-0.001967736685316667,220
T4cls,indist_jarvis2d,logreg,0,0.8188235294117647,0.6543216580885639,220
T4cls,indist_jarvis2d,lgbm,0,0.9132834055971619,0.8269350411808647,220
T4cls,indist_jarvis2d,dummy,0,0.48107734806629837,-0.037341801008425365,221
T4cls,indist_jarvis2d,logreg,0,0.7852283770651117,0.584382129819565,221
T4cls,indist_jarvis2d,lgbm,0,0.8564002599090318,0.7136225528417293,221
T4cls,indist_jarvis2d,dummy,0,0.46581491712707185,-0.06732591536133509,221
T4cls,indist_jarvis2d,logreg,0,0.7461789910769503,0.5020396457042059,221
T4cls,indist_jarvis2d,lgbm,0,0.8931629834254143,0.7899019946303141,221
T4cls,indist_jarvis2d,dummy,1,0.5140082050562783,0.02895383979823096,220
T4cls,indist_jarvis2d,logreg,1,0.6932173136992414,0.4139039340977215,220
T4cls,indist_jarvis2d,lgbm,1,0.8777777777777778,0.7571047621398433,220
T4cls,indist_jarvis2d,dummy,1,0.5116022099447514,0.024519932137770182,221
T4cls,indist_jarvis2d,logreg,1,0.7533817805721129,0.5391268435068488,221
T4cls,indist_jarvis2d,lgbm,1,0.8473756906077348,0.6980561471312088,221
T4cls,indist_jarvis2d,dummy,1,0.4831515831550896,-0.032889313168864294,220
T4cls,indist_jarvis2d,logreg,1,0.7879610969946552,0.593567477448258,220
T4cls,indist_jarvis2d,lgbm,1,0.9183287772940502,0.8367553189673362,220
T4cls,indist_jarvis2d,dummy,1,0.49633977900552484,-0.0067768453681957145,221
T4cls,indist_jarvis2d,logreg,1,0.7921735173669042,0.5922971916374931,221
T4cls,indist_jarvis2d,lgbm,1,0.8754578754578755,0.7545215453909763,221
T4cls,indist_jarvis2d,dummy,1,0.5573895027624309,0.11636577963687544,221
T4cls,indist_jarvis2d,logreg,1,0.7842097921606919,0.593407793417263,221
T4cls,indist_jarvis2d,lgbm,1,0.8744318181818183,0.7501583387420766,221
T4cls,indist_jarvis2d,dummy,2,0.4831515831550896,-0.032889313168864294,220
T4cls,indist_jarvis2d,logreg,2,0.7541176470588236,0.5230755195222947,220
T4cls,indist_jarvis2d,lgbm,2,0.8906379453189726,0.7813662061476685,220
T4cls,indist_jarvis2d,dummy,2,0.5140082050562783,0.02895383979823096,220
T4cls,indist_jarvis2d,logreg,2,0.8295454545454546,0.6603325448724197,220
T4cls,indist_jarvis2d,lgbm,2,0.9115981735159817,0.8324216836930485,220
T4cls,indist_jarvis2d,dummy,2,0.43529005524861875,-0.12855648036073858,221
T4cls,indist_jarvis2d,logreg,2,0.7562740404013234,0.5498856539146453,221
T4cls,indist_jarvis2d,lgbm,2,0.8490062111801242,0.7007249743635727,221
T4cls,indist_jarvis2d,dummy,2,0.5116022099447514,0.024519932137770182,221
T4cls,indist_jarvis2d,logreg,2,0.7138330991542001,0.45351025702898223,221
T4cls,indist_jarvis2d,lgbm,2,0.8376909518213866,0.690166941588613,221
T4cls,indist_jarvis2d,dummy,2,0.5116022099447514,0.023788110272033938,221
T4cls,indist_jarvis2d,logreg,2,0.7766172506738545,0.5806873040207988,221
T4cls,indist_jarvis2d,lgbm,2,0.861624649859944,0.7233351511589623,221
T4cls,indist_jarvis2d,dummy,3,0.49857989410568393,-0.001967736685316667,220
T4cls,indist_jarvis2d,logreg,3,0.7810945273631841,0.5877335604818159,220
T4cls,indist_jarvis2d,lgbm,3,0.906873758588128,0.8145543921190079,220
T4cls,indist_jarvis2d,dummy,3,0.43529005524861875,-0.1290366679291143,221
T4cls,indist_jarvis2d,logreg,3,0.7354349561053471,0.47086991221069435,221
T4cls,indist_jarvis2d,lgbm,3,0.8590797731315234,0.7182480249254451,221
T4cls,indist_jarvis2d,dummy,3,0.4677232722044953,-0.06381088965241191,220
T4cls,indist_jarvis2d,logreg,3,0.7020833333333334,0.4619942682159641,220
T4cls,indist_jarvis2d,lgbm,3,0.9117174959871589,0.8234349919743178,220
T4cls,indist_jarvis2d,dummy,3,0.49633977900552484,-0.006095350361931571,221
T4cls,indist_jarvis2d,logreg,3,0.7862426035502958,0.5914549997557995,221
T4cls,indist_jarvis2d,lgbm,3,0.8313896457765668,0.6747721857471198,221
T4cls,indist_jarvis2d,dummy,3,0.48107734806629837,-0.03671063286163333,221
T4cls,indist_jarvis2d,logreg,3,0.8186237373737374,0.6384245609075365,221
T4cls,indist_jarvis2d,lgbm,3,0.8672672672672672,0.7568695123132824,221
T4cls,indist_jarvis2d,dummy,4,0.49857989410568393,-0.001967736685316667,220
T4cls,indist_jarvis2d,logreg,4,0.7068575501224009,0.41832864618995164,220
T4cls,indist_jarvis2d,lgbm,4,0.7900683232184434,0.5970449531737808,220
T4cls,indist_jarvis2d,dummy,4,0.5421270718232044,0.08491802155249324,221
T4cls,indist_jarvis2d,logreg,4,0.7774420946626385,0.5945031525771103,221
T4cls,indist_jarvis2d,lgbm,4,0.9278155212960544,0.856006707780599,221
T4cls,indist_jarvis2d,dummy,4,0.4831515831550896,-0.032889313168864294,220
T4cls,indist_jarvis2d,logreg,4,0.7791164658634537,0.5905702474321148,220
T4cls,indist_jarvis2d,lgbm,4,0.9034794640747865,0.8070544202624614,220
T4cls,indist_jarvis2d,dummy,4,0.5268646408839779,0.05513521463747194,221
T4cls,indist_jarvis2d,logreg,4,0.7404988973852278,0.4967029956634533,221
T4cls,indist_jarvis2d,lgbm,4,0.8443223443223443,0.6947294964108143,221
T4cls,indist_jarvis2d,dummy,4,0.46581491712707185,-0.06732591536133509,221
T4cls,indist_jarvis2d,logreg,4,0.7658160781281325,0.5481061153270558,221
T4cls,indist_jarvis2d,lgbm,4,0.8700679383328978,0.7401358766657956,221
T4cls,indist_twodmatpedia,dummy,0,0.4953902791221695,-0.009169393253144137,1272
T4cls,indist_twodmatpedia,logreg,0,0.7247028268904205,0.481523309329898,1272
T4cls,indist_twodmatpedia,lgbm,0,0.841959891046369,0.6841582368946147,1272
T4cls,indist_twodmatpedia,dummy,0,0.5018408585532148,0.0037209002430853297,1271
T4cls,indist_twodmatpedia,logreg,0,0.7166421149471998,0.45715235891494005,1271
T4cls,indist_twodmatpedia,lgbm,0,0.8356793743890518,0.6713651770033079,1271
T4cls,indist_twodmatpedia,dummy,0,0.5041197749196141,0.008268631406967396,1269
T4cls,indist_twodmatpedia,logreg,0,0.7303298206505219,0.48841930502150915,1269
T4cls,indist_twodmatpedia,lgbm,0,0.844987206027954,0.6903046392079217,1269
T4cls,indist_twodmatpedia,dummy,0,0.5002134954624248,0.00045568993438907827,1270
T4cls,indist_twodmatpedia,logreg,0,0.7041564722292091,0.42714300576202646,1270
T4cls,indist_twodmatpedia,lgbm,0,0.8266741187480504,0.6544799922212027,1270
T4cls,indist_twodmatpedia,dummy,0,0.489951768488746,-0.02006865747732712,1269
T4cls,indist_twodmatpedia,logreg,0,0.7093545627638731,0.4576101826838875,1269
T4cls,indist_twodmatpedia,lgbm,0,0.8373758337657142,0.6751565717041322,1269
T4cls,indist_twodmatpedia,dummy,1,0.4977989993934031,-0.004363312079925703,1271
T4cls,indist_twodmatpedia,logreg,1,0.7216861296954158,0.4653091685944403,1271
T4cls,indist_twodmatpedia,lgbm,1,0.8402429451286466,0.6804875168072729,1271
T4cls,indist_twodmatpedia,dummy,1,0.511807088152641,0.023654619621731945,1270
T4cls,indist_twodmatpedia,logreg,1,0.716276188361581,0.4749483717486917,1270
T4cls,indist_twodmatpedia,lgbm,1,0.852873485098903,0.706819511724218,1270
T4cls,indist_twodmatpedia,dummy,1,0.49616664117467113,-0.007638383026088256,1270
T4cls,indist_twodmatpedia,logreg,1,0.7042738267239063,0.4451996339808667,1270
T4cls,indist_twodmatpedia,lgbm,1,0.8635735282932616,0.7273474767833391,1270
T4cls,indist_twodmatpedia,dummy,1,0.4921197868869175,-0.01573245598656559,1270
T4cls,indist_twodmatpedia,logreg,1,0.7143124608781186,0.45900211778376626,1270
T4cls,indist_twodmatpedia,lgbm,1,0.8429913684589103,0.68631175632448,1270
T4cls,indist_twodmatpedia,dummy,1,0.4794630443035406,-0.04103742219705583,1270
T4cls,indist_twodmatpedia,logreg,1,0.7154336488313695,0.4575567194453458,1270
T4cls,indist_twodmatpedia,lgbm,1,0.8352183033107714,0.6714816278163892,1270
T4cls,indist_twodmatpedia,dummy,2,0.47354784443453324,-0.0528685860179919,1271
T4cls,indist_twodmatpedia,logreg,2,0.723737498387341,0.47483298417541914,1271
T4cls,indist_twodmatpedia,lgbm,2,0.840925515464958,0.6827474665129892,1271
T4cls,indist_twodmatpedia,dummy,2,0.5159873656125555,0.03201564337362394,1271
T4cls,indist_twodmatpedia,logreg,2,0.7111396667848281,0.44018432701224414,1271
T4cls,indist_twodmatpedia,lgbm,2,0.8184339329165858,0.6370615383293974,1271
T4cls,indist_twodmatpedia,dummy,2,0.47758970359434494,-0.04478437369498087,1271
T4cls,indist_twodmatpedia,logreg,2,0.7177894123042381,0.47068569346510225,1271
T4cls,indist_twodmatpedia,lgbm,2,0.8430790455306143,0.6862922855027995,1271
T4cls,indist_twodmatpedia,dummy,2,0.4838797657326596,-0.03221320985631048,1269
T4cls,indist_twodmatpedia,logreg,2,0.7369686816775036,0.49744250236148907,1269
T4cls,indist_twodmatpedia,lgbm,2,0.8190218496746746,0.638596341257656,1269
T4cls,indist_twodmatpedia,dummy,2,0.489951768488746,-0.02006865747732712,1269
T4cls,indist_twodmatpedia,logreg,2,0.7033903972872961,0.44568896099939026,1269
T4cls,indist_twodmatpedia,lgbm,2,0.8099909606650288,0.6199834756327578,1269
T4cls,indist_twodmatpedia,dummy,3,0.544280379731237,0.08860512963470117,1271
T4cls,indist_twodmatpedia,logreg,3,0.7305373499795011,0.48807033068651207,1271
T4cls,indist_twodmatpedia,lgbm,3,0.8459427329289271,0.6923734200042884,1271
T4cls,indist_twodmatpedia,dummy,3,0.47375976113918233,-0.05245413048794942,1269
T4cls,indist_twodmatpedia,logreg,3,0.7242478050358473,0.4763172297337242,1269
T4cls,indist_twodmatpedia,lgbm,3,0.8429475640020059,0.6862243342684285,1269
T4cls,indist_twodmatpedia,dummy,3,0.49981992897330896,-0.0003212059184201866,1271
T4cls,indist_twodmatpedia,logreg,3,0.7186908494774331,0.4668552738836817,1271
T4cls,indist_twodmatpedia,lgbm,3,0.8333739497048678,0.6673480284010668,1271
T4cls,indist_twodmatpedia,dummy,3,0.5061437758383096,0.012316815533295184,1269
T4cls,indist_twodmatpedia,logreg,3,0.7317527688619156,0.49841484245970397,1269
T4cls,indist_twodmatpedia,lgbm,3,0.836828637924162,0.673983419449949,1269
T4cls,indist_twodmatpedia,dummy,3,0.46546412611490995,-0.06903701066401396,1271
T4cls,indist_twodmatpedia,logreg,3,0.6870684348945219,0.4011308243690351,1271
T4cls,indist_twodmatpedia,lgbm,3,0.836279908543458,0.6732290208828617,1271
T4cls,indist_twodmatpedia,dummy,4,0.49173621065368567,-0.01648963056444225,1271
T4cls,indist_twodmatpedia,logreg,4,0.731804149896448,0.48471553298687253,1271
T4cls,indist_twodmatpedia,lgbm,4,0.8436950146627566,0.6873965357522797,1271
T4cls,indist_twodmatpedia,dummy,4,0.5142397795130914,0.028509552038606334,1269
T4cls,indist_twodmatpedia,logreg,4,0.6985804907507956,0.4291856388235251,1269
T4cls,indist_twodmatpedia,lgbm,4,0.8174917702707022,0.6350857743667123,1269
T4cls,indist_twodmatpedia,dummy,4,0.4836524923340624,-0.03265805521046432,1271
T4cls,indist_twodmatpedia,logreg,4,0.7223364477446919,0.4709883172444868,1271
T4cls,indist_twodmatpedia,lgbm,4,0.8361487776928953,0.6724022868112144,1271
T4cls,indist_twodmatpedia,dummy,4,0.5182877813504824,0.03660592029126191,1269
T4cls,indist_twodmatpedia,logreg,4,0.7349756904415818,0.5042925406348563,1269
T4cls,indist_twodmatpedia,lgbm,4,0.8376904977375565,0.6757565801904186,1269
T4cls,indist_twodmatpedia,dummy,4,0.5139664360326497,0.027973537212118427,1271
T4cls,indist_twodmatpedia,logreg,4,0.706983816661236,0.4409058062916251,1271
T4cls,indist_twodmatpedia,lgbm,4,0.8345236207145512,0.6690488484030179,1271
