model,seed,rep,fold,f1_macro,mcc,bal_acc,cfg,sec,vram_mb
cgcnn,0,0,0,0.2725581395348837,-0.4160251471689218,0.3235294117647059,"{""node_d"": 128, ""n_conv"": 4, ""fc_d"": 32, ""lr"": 0.003, ""weight_decay"": 0.0001, ""dropout"": 0.1, ""batch"": 16}",120.8,46.6
cgcnn,0,0,1,0.5933528836754643,0.1878672873255448,0.5941176470588235,"{""node_d"": 128, ""n_conv"": 2, ""fc_d"": 128, ""lr"": 0.001, ""weight_decay"": 1e-05, ""dropout"": 0.3, ""batch"": 16}",107.3,64.1
cgcnn,0,0,2,0.6761904761904762,0.3535533905932738,0.6764705882352942,"{""node_d"": 64, ""n_conv"": 2, ""fc_d"": 32, ""lr"": 0.01, ""weight_decay"": 1e-05, ""dropout"": 0.3, ""batch"": 32}",105.6,55.1
cgcnn,0,0,3,0.4923076923076923,0.019990406906475,0.5091911764705883,"{""node_d"": 64, ""n_conv"": 3, ""fc_d"": 128, ""lr"": 0.01, ""weight_decay"": 0.0, ""dropout"": 0.3, ""batch"": 16}",103.7,50.8
cgcnn,0,0,4,0.4561403508771929,-0.0715684904097313,0.4663865546218487,"{""node_d"": 128, ""n_conv"": 3, ""fc_d"": 32, ""lr"": 0.003, ""weight_decay"": 1e-05, ""dropout"": 0.0, ""batch"": 32}",110.6,62.4
cgcnn,0,1,0,0.6360294117647058,0.2720588235294117,0.6360294117647058,"{""node_d"": 128, ""n_conv"": 2, ""fc_d"": 64, ""lr"": 0.01, ""weight_decay"": 1e-05, ""dropout"": 0.3, ""batch"": 32}",76.9,63.9
cgcnn,0,1,1,0.5227272727272727,0.2408515181216689,0.5863970588235294,"{""node_d"": 32, ""n_conv"": 2, ""fc_d"": 32, ""lr"": 0.003, ""weight_decay"": 0.0001, ""dropout"": 0.1, ""batch"": 32}",68.4,43.1
cgcnn,0,1,2,0.7573529411764706,0.5147058823529411,0.7573529411764706,"{""node_d"": 64, ""n_conv"": 2, ""fc_d"": 32, ""lr"": 0.01, ""weight_decay"": 0.0, ""dropout"": 0.3, ""batch"": 32}",317.1,45.0
cgcnn,0,1,3,0.6333333333333333,0.2713923426088397,0.6341911764705883,"{""node_d"": 32, ""n_conv"": 3, ""fc_d"": 128, ""lr"": 0.01, ""weight_decay"": 0.0, ""dropout"": 0.1, ""batch"": 16}",335.1,65.6
cgcnn,0,1,4,0.5555555555555556,0.1155525226406087,0.5568627450980392,"{""node_d"": 32, ""n_conv"": 4, ""fc_d"": 64, ""lr"": 0.003, ""weight_decay"": 0.0, ""dropout"": 0.3, ""batch"": 16}",437.6,59.2
cgcnn,0,2,0,0.487510766580534,0.0180775381515546,0.5081699346405228,"{""node_d"": 128, ""n_conv"": 2, ""fc_d"": 64, ""lr"": 0.003, ""weight_decay"": 1e-05, ""dropout"": 0.1, ""batch"": 16}",278.7,40.3
cgcnn,0,2,1,0.3365079365079365,-0.1970400902360821,0.4356617647058823,"{""node_d"": 128, ""n_conv"": 4, ""fc_d"": 64, ""lr"": 0.01, ""weight_decay"": 0.0001, ""dropout"": 0.0, ""batch"": 16}",357.4,48.5
cgcnn,0,2,2,0.4385964912280701,0.0236690534165575,0.5078431372549019,"{""node_d"": 32, ""n_conv"": 2, ""fc_d"": 64, ""lr"": 0.01, ""weight_decay"": 1e-05, ""dropout"": 0.1, ""batch"": 32}",386.0,64.7
cgcnn,0,2,3,0.6826923076923077,0.4158004636546808,0.6911764705882353,"{""node_d"": 128, ""n_conv"": 3, ""fc_d"": 32, ""lr"": 0.001, ""weight_decay"": 0.0001, ""dropout"": 0.3, ""batch"": 16}",298.5,41.0
cgcnn,0,2,4,0.5788923719958203,0.1589972076635873,0.5791666666666666,"{""node_d"": 64, ""n_conv"": 3, ""fc_d"": 64, ""lr"": 0.003, ""weight_decay"": 1e-05, ""dropout"": 0.1, ""batch"": 32}",303.4,42.5
cgcnn,1,0,0,0.5037593984962406,0.0229174624257052,0.5110294117647058,"{""node_d"": 32, ""n_conv"": 3, ""fc_d"": 64, ""lr"": 0.003, ""weight_decay"": 1e-05, ""dropout"": 0.1, ""batch"": 32}",418.8,40.9
cgcnn,1,0,1,0.4288240495137047,-0.1037293190440236,0.4513888888888889,"{""node_d"": 128, ""n_conv"": 4, ""fc_d"": 64, ""lr"": 0.01, ""weight_decay"": 0.0001, ""dropout"": 0.1, ""batch"": 32}",347.1,65.1
cgcnn,1,0,2,0.5925925925925926,0.2438829642589955,0.6121323529411764,"{""node_d"": 32, ""n_conv"": 3, ""fc_d"": 32, ""lr"": 0.01, ""weight_decay"": 0.0001, ""dropout"": 0.3, ""batch"": 32}",413.4,43.5
cgcnn,1,0,3,0.718475073313783,0.4383570037596047,0.7196078431372549,"{""node_d"": 32, ""n_conv"": 2, ""fc_d"": 64, ""lr"": 0.01, ""weight_decay"": 0.0, ""dropout"": 0.1, ""batch"": 16}",371.6,62.0
cgcnn,1,0,4,0.611336032388664,0.3090317389932938,0.6392156862745098,"{""node_d"": 64, ""n_conv"": 4, ""fc_d"": 32, ""lr"": 0.001, ""weight_decay"": 0.0, ""dropout"": 0.1, ""batch"": 16}",391.0,51.2
cgcnn,1,1,0,0.2916666666666667,-0.3364192474471549,0.3715277777777778,"{""node_d"": 64, ""n_conv"": 2, ""fc_d"": 32, ""lr"": 0.003, ""weight_decay"": 1e-05, ""dropout"": 0.1, ""batch"": 32}",269.4,42.1
cgcnn,1,1,1,0.5465587044534412,0.169749828461105,0.5764705882352942,"{""node_d"": 128, ""n_conv"": 3, ""fc_d"": 64, ""lr"": 0.01, ""weight_decay"": 0.0, ""dropout"": 0.0, ""batch"": 16}",435.8,43.1
cgcnn,1,1,2,0.6125,0.2301275374078238,0.6145833333333333,"{""node_d"": 128, ""n_conv"": 4, ""fc_d"": 32, ""lr"": 0.01, ""weight_decay"": 0.0, ""dropout"": 0.0, ""batch"": 16}",409.1,47.6
cgcnn,1,1,3,0.5882352941176471,0.1764705882352941,0.5882352941176471,"{""node_d"": 64, ""n_conv"": 2, ""fc_d"": 64, ""lr"": 0.001, ""weight_decay"": 1e-05, ""dropout"": 0.0, ""batch"": 16}",374.4,49.2
cgcnn,1,1,4,0.4761904761904761,0.0584282940553503,0.5238970588235294,"{""node_d"": 128, ""n_conv"": 4, ""fc_d"": 128, ""lr"": 0.003, ""weight_decay"": 0.0, ""dropout"": 0.1, ""batch"": 32}",401.1,63.1
cgcnn,1,2,0,0.3888888888888888,-0.2105798931586654,0.3970588235294118,"{""node_d"": 32, ""n_conv"": 3, ""fc_d"": 32, ""lr"": 0.001, ""weight_decay"": 1e-05, ""dropout"": 0.3, ""batch"": 32}",395.5,66.2
cgcnn,1,2,1,0.5104895104895105,0.1205796739024119,0.5506535947712419,"{""node_d"": 32, ""n_conv"": 2, ""fc_d"": 64, ""lr"": 0.001, ""weight_decay"": 0.0, ""dropout"": 0.3, ""batch"": 16}",260.0,39.4
cgcnn,1,2,2,0.4420512820512821,-0.0928840728025647,0.4568627450980392,"{""node_d"": 32, ""n_conv"": 4, ""fc_d"": 128, ""lr"": 0.003, ""weight_decay"": 0.0, ""dropout"": 0.3, ""batch"": 16}",478.9,59.6
cgcnn,1,2,3,0.5195195195195195,0.0485071250072665,0.5235294117647059,"{""node_d"": 64, ""n_conv"": 3, ""fc_d"": 32, ""lr"": 0.003, ""weight_decay"": 0.0, ""dropout"": 0.0, ""batch"": 16}",373.1,41.1
cgcnn,1,2,4,0.5333333333333333,0.1443375672974064,0.5625,"{""node_d"": 32, ""n_conv"": 3, ""fc_d"": 128, ""lr"": 0.01, ""weight_decay"": 0.0001, ""dropout"": 0.1, ""batch"": 16}",328.6,41.7
cgcnn,2,0,0,0.4522019334049409,0.122205929184461,0.5347222222222222,"{""node_d"": 128, ""n_conv"": 2, ""fc_d"": 32, ""lr"": 0.003, ""weight_decay"": 0.0, ""dropout"": 0.3, ""batch"": 16}",251.3,52.7
cgcnn,2,0,1,0.5147058823529411,0.0294117647058823,0.5147058823529411,"{""node_d"": 128, ""n_conv"": 2, ""fc_d"": 64, ""lr"": 0.01, ""weight_decay"": 1e-05, ""dropout"": 0.3, ""batch"": 16}",315.3,43.3
cgcnn,2,0,2,0.5835835835835836,0.1778594583599775,0.5862745098039216,"{""node_d"": 128, ""n_conv"": 3, ""fc_d"": 128, ""lr"": 0.001, ""weight_decay"": 1e-05, ""dropout"": 0.1, ""batch"": 32}",389.2,51.6
cgcnn,2,0,3,0.3870967741935484,-0.225,0.3875,"{""node_d"": 32, ""n_conv"": 4, ""fc_d"": 64, ""lr"": 0.01, ""weight_decay"": 0.0, ""dropout"": 0.3, ""batch"": 32}",420.2,43.8
cgcnn,2,0,4,0.5228070175438597,0.0605227532668802,0.5294117647058824,"{""node_d"": 64, ""n_conv"": 3, ""fc_d"": 128, ""lr"": 0.01, ""weight_decay"": 0.0001, ""dropout"": 0.3, ""batch"": 16}",348.2,45.1
cgcnn,2,1,0,0.4107142857142857,-0.1243364742283189,0.4466911764705882,"{""node_d"": 128, ""n_conv"": 4, ""fc_d"": 32, ""lr"": 0.003, ""weight_decay"": 1e-05, ""dropout"": 0.0, ""batch"": 32}",418.3,63.7
cgcnn,2,1,1,0.543778801843318,0.0885614885540095,0.5441176470588236,"{""node_d"": 64, ""n_conv"": 3, ""fc_d"": 64, ""lr"": 0.01, ""weight_decay"": 0.0001, ""dropout"": 0.1, ""batch"": 16}",339.9,32.6
cgcnn,2,1,2,0.5037593984962406,0.0229174624257052,0.5110294117647058,"{""node_d"": 128, ""n_conv"": 2, ""fc_d"": 32, ""lr"": 0.01, ""weight_decay"": 1e-05, ""dropout"": 0.0, ""batch"": 16}",379.9,42.1
cgcnn,2,1,3,0.4829493087557603,-0.0260239232638613,0.4871323529411764,"{""node_d"": 64, ""n_conv"": 2, ""fc_d"": 64, ""lr"": 0.003, ""weight_decay"": 1e-05, ""dropout"": 0.1, ""batch"": 16}",158.8,41.4
cgcnn,2,1,4,0.397563676633444,-0.1303589814791738,0.4490196078431372,"{""node_d"": 64, ""n_conv"": 3, ""fc_d"": 64, ""lr"": 0.01, ""weight_decay"": 1e-05, ""dropout"": 0.3, ""batch"": 16}",113.0,61.1
cgcnn,2,2,0,0.2666666666666666,-0.4647129154260954,0.2702205882352941,"{""node_d"": 32, ""n_conv"": 2, ""fc_d"": 64, ""lr"": 0.01, ""weight_decay"": 0.0001, ""dropout"": 0.1, ""batch"": 16}",111.4,48.1
cgcnn,2,2,1,0.4285714285714286,-0.139459941117976,0.4313725490196078,"{""node_d"": 128, ""n_conv"": 2, ""fc_d"": 64, ""lr"": 0.01, ""weight_decay"": 0.0, ""dropout"": 0.0, ""batch"": 16}",90.6,42.7
cgcnn,2,2,2,0.3913913913913914,-0.2101975416981552,0.3980392156862745,"{""node_d"": 128, ""n_conv"": 2, ""fc_d"": 32, ""lr"": 0.01, ""weight_decay"": 1e-05, ""dropout"": 0.0, ""batch"": 16}",79.3,39.2
cgcnn,2,2,3,0.6046082949308755,0.2103335353157726,0.6047794117647058,"{""node_d"": 128, ""n_conv"": 3, ""fc_d"": 128, ""lr"": 0.003, ""weight_decay"": 0.0, ""dropout"": 0.0, ""batch"": 32}",91.1,56.1
cgcnn,2,2,4,0.7058823529411765,0.4117647058823529,0.7058823529411765,"{""node_d"": 64, ""n_conv"": 3, ""fc_d"": 128, ""lr"": 0.001, ""weight_decay"": 1e-05, ""dropout"": 0.1, ""batch"": 16}",293.2,42.3
cgcnn,3,0,0,0.6060606060606061,0.2222222222222222,0.6111111111111112,"{""node_d"": 32, ""n_conv"": 4, ""fc_d"": 128, ""lr"": 0.01, ""weight_decay"": 0.0, ""dropout"": 0.1, ""batch"": 16}",363.2,41.2
cgcnn,3,0,1,0.4217687074829931,0.0102673517272282,0.5032679738562091,"{""node_d"": 32, ""n_conv"": 2, ""fc_d"": 128, ""lr"": 0.001, ""weight_decay"": 1e-05, ""dropout"": 0.3, ""batch"": 16}",369.0,61.9
cgcnn,3,0,2,0.3321428571428571,-0.3143473067309658,0.3529411764705882,"{""node_d"": 64, ""n_conv"": 4, ""fc_d"": 128, ""lr"": 0.001, ""weight_decay"": 0.0, ""dropout"": 0.3, ""batch"": 32}",423.8,44.5
cgcnn,3,0,3,0.6451612903225806,0.2916666666666667,0.6458333333333333,"{""node_d"": 64, ""n_conv"": 2, ""fc_d"": 32, ""lr"": 0.001, ""weight_decay"": 0.0001, ""dropout"": 0.3, ""batch"": 32}",396.1,52.7
cgcnn,3,0,4,0.5921052631578947,0.2339548000893516,0.60625,"{""node_d"": 32, ""n_conv"": 2, ""fc_d"": 32, ""lr"": 0.01, ""weight_decay"": 0.0, ""dropout"": 0.3, ""batch"": 32}",456.8,39.5
cgcnn,3,1,0,0.3882926829268293,-0.2046559502458076,0.4055555555555555,"{""node_d"": 32, ""n_conv"": 3, ""fc_d"": 32, ""lr"": 0.01, ""weight_decay"": 1e-05, ""dropout"": 0.3, ""batch"": 16}",299.9,66.6
cgcnn,3,1,1,0.3327205882352941,-0.3345588235294117,0.3327205882352941,"{""node_d"": 128, ""n_conv"": 2, ""fc_d"": 32, ""lr"": 0.01, ""weight_decay"": 1e-05, ""dropout"": 0.3, ""batch"": 16}",323.4,61.0
cgcnn,3,1,2,0.5657894736842105,0.1489635057670843,0.5716911764705883,"{""node_d"": 64, ""n_conv"": 2, ""fc_d"": 128, ""lr"": 0.003, ""weight_decay"": 0.0, ""dropout"": 0.1, ""batch"": 16}",387.1,61.5
cgcnn,3,1,3,0.6001863932898416,0.2105798931586654,0.6029411764705883,"{""node_d"": 64, ""n_conv"": 4, ""fc_d"": 128, ""lr"": 0.01, ""weight_decay"": 0.0001, ""dropout"": 0.0, ""batch"": 32}",338.2,43.8
cgcnn,3,1,4,0.4684385382059801,0.086066296582387,0.53125,"{""node_d"": 32, ""n_conv"": 4, ""fc_d"": 32, ""lr"": 0.01, ""weight_decay"": 0.0, ""dropout"": 0.1, ""batch"": 32}",355.2,46.3
cgcnn,3,2,0,0.6001863932898416,0.2105798931586654,0.6029411764705883,"{""node_d"": 128, ""n_conv"": 3, ""fc_d"": 64, ""lr"": 0.003, ""weight_decay"": 0.0001, ""dropout"": 0.1, ""batch"": 32}",368.1,52.3
cgcnn,3,2,1,0.5161290322580645,0.0333333333333333,0.5166666666666666,"{""node_d"": 32, ""n_conv"": 3, ""fc_d"": 128, ""lr"": 0.003, ""weight_decay"": 0.0001, ""dropout"": 0.1, ""batch"": 16}",279.5,47.2
cgcnn,3,2,2,0.5277777777777778,0.0555555555555555,0.5277777777777778,"{""node_d"": 32, ""n_conv"": 3, ""fc_d"": 32, ""lr"": 0.01, ""weight_decay"": 0.0, ""dropout"": 0.0, ""batch"": 32}",346.6,45.0
cgcnn,3,2,3,0.6693191865605659,0.3495010688839122,0.6701388888888888,"{""node_d"": 32, ""n_conv"": 4, ""fc_d"": 128, ""lr"": 0.003, ""weight_decay"": 0.0, ""dropout"": 0.1, ""batch"": 32}",426.0,64.8
cgcnn,3,2,4,0.4666666666666667,0.0,0.5,"{""node_d"": 32, ""n_conv"": 2, ""fc_d"": 128, ""lr"": 0.01, ""weight_decay"": 0.0001, ""dropout"": 0.3, ""batch"": 16}",478.7,59.6
cgcnn,4,0,0,0.3333333333333333,0.0,0.5,"{""node_d"": 128, ""n_conv"": 3, ""fc_d"": 128, ""lr"": 0.01, ""weight_decay"": 1e-05, ""dropout"": 0.0, ""batch"": 16}",364.9,62.2
cgcnn,4,0,1,0.5,0.0039215686274509,0.5019607843137255,"{""node_d"": 64, ""n_conv"": 2, ""fc_d"": 64, ""lr"": 0.001, ""weight_decay"": 0.0001, ""dropout"": 0.3, ""batch"": 32}",281.2,32.7
cgcnn,4,0,2,0.5465587044534412,0.1112468401110025,0.5529411764705883,"{""node_d"": 64, ""n_conv"": 3, ""fc_d"": 128, ""lr"": 0.01, ""weight_decay"": 0.0, ""dropout"": 0.1, ""batch"": 16}",392.1,46.0
cgcnn,4,0,3,0.3796992481203007,-0.2291746242570528,0.3897058823529412,"{""node_d"": 128, ""n_conv"": 4, ""fc_d"": 64, ""lr"": 0.003, ""weight_decay"": 0.0, ""dropout"": 0.0, ""batch"": 16}",344.8,63.3
cgcnn,4,0,4,0.5716783216783217,0.2130130514321656,0.5931372549019608,"{""node_d"": 64, ""n_conv"": 2, ""fc_d"": 128, ""lr"": 0.01, ""weight_decay"": 0.0, ""dropout"": 0.1, ""batch"": 16}",350.0,42.2
cgcnn,4,1,0,0.4761904761904761,0.0171498585142508,0.5073529411764706,"{""node_d"": 128, ""n_conv"": 4, ""fc_d"": 32, ""lr"": 0.003, ""weight_decay"": 0.0, ""dropout"": 0.1, ""batch"": 16}",357.7,47.3
cgcnn,4,1,1,0.6146469049694856,0.2303696495604325,0.6145833333333333,"{""node_d"": 32, ""n_conv"": 2, ""fc_d"": 32, ""lr"": 0.003, ""weight_decay"": 0.0001, ""dropout"": 0.1, ""batch"": 16}",334.4,66.2
cgcnn,4,1,2,0.3015873015873015,-0.374943053707453,0.3215686274509804,"{""node_d"": 32, ""n_conv"": 2, ""fc_d"": 32, ""lr"": 0.003, ""weight_decay"": 0.0001, ""dropout"": 0.3, ""batch"": 16}",324.8,64.6
cgcnn,4,1,3,0.6391534391534391,0.290693866424127,0.6416666666666666,"{""node_d"": 128, ""n_conv"": 2, ""fc_d"": 128, ""lr"": 0.003, ""weight_decay"": 1e-05, ""dropout"": 0.3, ""batch"": 16}",238.1,39.9
cgcnn,4,1,4,0.4624505928853755,0.0830454798537399,0.5294117647058824,"{""node_d"": 64, ""n_conv"": 2, ""fc_d"": 32, ""lr"": 0.001, ""weight_decay"": 0.0001, ""dropout"": 0.3, ""batch"": 32}",278.9,46.1
cgcnn,4,2,0,0.4170040485829959,-0.1088139926032724,0.4509803921568627,"{""node_d"": 32, ""n_conv"": 2, ""fc_d"": 64, ""lr"": 0.001, ""weight_decay"": 1e-05, ""dropout"": 0.3, ""batch"": 16}",357.7,40.4
cgcnn,4,2,1,0.4554554554554554,-0.0808452083454443,0.4607843137254902,"{""node_d"": 128, ""n_conv"": 3, ""fc_d"": 64, ""lr"": 0.001, ""weight_decay"": 1e-05, ""dropout"": 0.0, ""batch"": 16}",396.6,40.8
cgcnn,4,2,2,0.5,0.0,0.5,"{""node_d"": 64, ""n_conv"": 4, ""fc_d"": 128, ""lr"": 0.001, ""weight_decay"": 0.0, ""dropout"": 0.1, ""batch"": 32}",399.8,47.2
cgcnn,4,2,3,0.3758454106280193,-0.1885929832870012,0.4236111111111111,"{""node_d"": 64, ""n_conv"": 3, ""fc_d"": 32, ""lr"": 0.001, ""weight_decay"": 1e-05, ""dropout"": 0.0, ""batch"": 32}",451.3,63.2
cgcnn,4,2,4,0.6173160173160173,0.2357022603955158,0.6176470588235294,"{""node_d"": 64, ""n_conv"": 2, ""fc_d"": 128, ""lr"": 0.01, ""weight_decay"": 0.0, ""dropout"": 0.1, ""batch"": 16}",283.3,40.7
alignn_lite,0,1,0,0.45,-0.0864881704044518,0.4577205882352941,"{""node_d"": 32, ""edge_d"": 64, ""n_layer"": 4, ""fc_d"": 32, ""lr"": 0.003, ""weight_decay"": 0.0, ""dropout"": 0.3, ""batch"": 32}",211.1,267.3
alignn_lite,0,1,1,0.5037593984962406,0.0229174624257052,0.5110294117647058,"{""node_d"": 32, ""edge_d"": 32, ""n_layer"": 4, ""fc_d"": 64, ""lr"": 0.003, ""weight_decay"": 1e-05, ""dropout"": 0.3, ""batch"": 16}",209.6,289.0
alignn_lite,0,1,2,0.6046082949308755,0.2103335353157726,0.6047794117647058,"{""node_d"": 64, ""edge_d"": 32, ""n_layer"": 3, ""fc_d"": 32, ""lr"": 0.01, ""weight_decay"": 0.0001, ""dropout"": 0.1, ""batch"": 16}",194.8,259.9
alignn_lite,0,1,3,0.5227272727272727,0.1714985851425088,0.5661764705882353,"{""node_d"": 128, ""edge_d"": 64, ""n_layer"": 2, ""fc_d"": 128, ""lr"": 0.01, ""weight_decay"": 0.0, ""dropout"": 0.1, ""batch"": 32}",188.8,209.3
alignn_lite,0,1,4,0.6190476190476191,0.2430587545199011,0.6196078431372549,"{""node_d"": 64, ""edge_d"": 64, ""n_layer"": 2, ""fc_d"": 64, ""lr"": 0.001, ""weight_decay"": 0.0001, ""dropout"": 0.0, ""batch"": 32}",190.1,235.6
alignn_lite,0,2,0,0.475,-0.03718338773943,0.4820261437908497,"{""node_d"": 128, ""edge_d"": 64, ""n_layer"": 2, ""fc_d"": 32, ""lr"": 0.001, ""weight_decay"": 0.0, ""dropout"": 0.1, ""batch"": 16}",156.6,167.7
alignn_lite,0,2,1,0.4672364672364672,-0.019990406906475,0.4908088235294118,"{""node_d"": 128, ""edge_d"": 64, ""n_layer"": 4, ""fc_d"": 128, ""lr"": 0.01, ""weight_decay"": 0.0, ""dropout"": 0.3, ""batch"": 32}",198.4,300.9
alignn_lite,0,2,2,0.4980392156862745,0.0119537092386836,0.5058823529411764,"{""node_d"": 128, ""edge_d"": 64, ""n_layer"": 2, ""fc_d"": 64, ""lr"": 0.01, ""weight_decay"": 1e-05, ""dropout"": 0.3, ""batch"": 16}",197.8,254.9
alignn_lite,0,2,3,0.5722222222222222,0.1487081329363505,0.5735294117647058,"{""node_d"": 32, ""edge_d"": 64, ""n_layer"": 4, ""fc_d"": 64, ""lr"": 0.01, ""weight_decay"": 1e-05, ""dropout"": 0.3, ""batch"": 16}",194.0,182.1
alignn_lite,0,2,4,0.6125,0.2301275374078238,0.6145833333333333,"{""node_d"": 64, ""edge_d"": 32, ""n_layer"": 4, ""fc_d"": 64, ""lr"": 0.01, ""weight_decay"": 1e-05, ""dropout"": 0.0, ""batch"": 32}",174.7,149.3
alignn_lite,1,0,0,0.4829493087557603,-0.0332105582077535,0.4834558823529412,"{""node_d"": 32, ""edge_d"": 64, ""n_layer"": 3, ""fc_d"": 64, ""lr"": 0.003, ""weight_decay"": 1e-05, ""dropout"": 0.3, ""batch"": 16}",161.1,175.3
alignn_lite,1,0,1,0.5584415584415584,0.1256561724875086,0.5625,"{""node_d"": 128, ""edge_d"": 64, ""n_layer"": 3, ""fc_d"": 128, ""lr"": 0.01, ""weight_decay"": 1e-05, ""dropout"": 0.0, ""batch"": 16}",184.4,175.3
alignn_lite,1,0,2,0.5170731707317073,0.1243364742283189,0.5533088235294118,"{""node_d"": 128, ""edge_d"": 64, ""n_layer"": 2, ""fc_d"": 32, ""lr"": 0.003, ""weight_decay"": 1e-05, ""dropout"": 0.0, ""batch"": 16}",162.9,256.0
alignn_lite,1,0,3,0.6389743589743591,0.3124282448813543,0.6450980392156862,"{""node_d"": 128, ""edge_d"": 32, ""n_layer"": 3, ""fc_d"": 64, ""lr"": 0.003, ""weight_decay"": 0.0001, ""dropout"": 0.0, ""batch"": 16}",230.3,249.0
alignn_lite,1,0,4,0.6101882613510521,0.3509664885977756,0.6372549019607843,"{""node_d"": 32, ""edge_d"": 32, ""n_layer"": 3, ""fc_d"": 128, ""lr"": 0.01, ""weight_decay"": 0.0, ""dropout"": 0.3, ""batch"": 32}",170.9,172.7
alignn_lite,1,1,0,0.3687002652519894,-0.2567762955065477,0.375,"{""node_d"": 64, ""edge_d"": 64, ""n_layer"": 2, ""fc_d"": 64, ""lr"": 0.01, ""weight_decay"": 1e-05, ""dropout"": 0.0, ""batch"": 16}",143.4,142.8
alignn_lite,1,1,1,0.6862745098039216,0.3725490196078431,0.6862745098039216,"{""node_d"": 128, ""edge_d"": 64, ""n_layer"": 3, ""fc_d"": 128, ""lr"": 0.001, ""weight_decay"": 0.0001, ""dropout"": 0.3, ""batch"": 16}",205.6,189.8
alignn_lite,1,1,2,0.6436781609195402,0.2996020627622514,0.6479166666666667,"{""node_d"": 64, ""edge_d"": 32, ""n_layer"": 2, ""fc_d"": 32, ""lr"": 0.001, ""weight_decay"": 0.0001, ""dropout"": 0.0, ""batch"": 16}",181.5,287.1
alignn_lite,1,1,3,0.7571428571428571,0.5658251521157384,0.7647058823529411,"{""node_d"": 32, ""edge_d"": 32, ""n_layer"": 3, ""fc_d"": 64, ""lr"": 0.001, ""weight_decay"": 1e-05, ""dropout"": 0.0, ""batch"": 32}",187.3,286.3
alignn_lite,1,1,4,0.45,-0.0864881704044518,0.4577205882352941,"{""node_d"": 32, ""edge_d"": 32, ""n_layer"": 3, ""fc_d"": 64, ""lr"": 0.01, ""weight_decay"": 0.0, ""dropout"": 0.0, ""batch"": 32}",207.4,243.4
alignn_lite,1,2,0,0.5386766076421249,0.0864881704044518,0.5422794117647058,"{""node_d"": 32, ""edge_d"": 64, ""n_layer"": 2, ""fc_d"": 64, ""lr"": 0.01, ""weight_decay"": 0.0, ""dropout"": 0.1, ""batch"": 32}",191.8,282.4
alignn_lite,1,2,1,0.4243421052631578,-0.1485221314465011,0.4264705882352941,"{""node_d"": 64, ""edge_d"": 32, ""n_layer"": 2, ""fc_d"": 64, ""lr"": 0.001, ""weight_decay"": 0.0, ""dropout"": 0.3, ""batch"": 32}",132.3,140.9
alignn_lite,1,2,2,0.539313399778516,0.1905246652387925,0.5745098039215686,"{""node_d"": 128, ""edge_d"": 32, ""n_layer"": 2, ""fc_d"": 128, ""lr"": 0.01, ""weight_decay"": 0.0001, ""dropout"": 0.3, ""batch"": 16}",214.8,277.5
alignn_lite,1,2,3,0.5835835835835836,0.2279881786972044,0.6058823529411765,"{""node_d"": 32, ""edge_d"": 32, ""n_layer"": 4, ""fc_d"": 32, ""lr"": 0.003, ""weight_decay"": 0.0, ""dropout"": 0.3, ""batch"": 32}",158.8,245.8
alignn_lite,1,2,4,0.5151515151515151,0.1601281538050871,0.5625,"{""node_d"": 128, ""edge_d"": 32, ""n_layer"": 2, ""fc_d"": 64, ""lr"": 0.003, ""weight_decay"": 0.0, ""dropout"": 0.3, ""batch"": 16}",195.0,271.7
alignn_lite,2,0,0,0.4288240495137047,-0.1355208226284557,0.4340277777777778,"{""node_d"": 32, ""edge_d"": 64, ""n_layer"": 4, ""fc_d"": 64, ""lr"": 0.001, ""weight_decay"": 1e-05, ""dropout"": 0.1, ""batch"": 16}",206.9,290.1
alignn_lite,2,0,1,0.3452380952380952,-0.2382076603795052,0.4025735294117647,"{""node_d"": 64, ""edge_d"": 64, ""n_layer"": 2, ""fc_d"": 64, ""lr"": 0.003, ""weight_decay"": 0.0, ""dropout"": 0.3, ""batch"": 16}",143.3,271.1
alignn_lite,2,0,2,0.4231177094379639,-0.108465228909328,0.4529411764705883,"{""node_d"": 64, ""edge_d"": 64, ""n_layer"": 3, ""fc_d"": 128, ""lr"": 0.01, ""weight_decay"": 0.0001, ""dropout"": 0.1, ""batch"": 16}",154.7,121.8
alignn_lite,2,0,3,0.4816053511705686,0.0597614304667196,0.525,"{""node_d"": 64, ""edge_d"": 32, ""n_layer"": 2, ""fc_d"": 32, ""lr"": 0.003, ""weight_decay"": 1e-05, ""dropout"": 0.0, ""batch"": 16}",153.3,285.5
alignn_lite,2,0,4,0.5824561403508772,0.1815682598006407,0.5882352941176471,"{""node_d"": 32, ""edge_d"": 64, ""n_layer"": 2, ""fc_d"": 32, ""lr"": 0.003, ""weight_decay"": 0.0, ""dropout"": 0.1, ""batch"": 16}",142.8,243.8
alignn_lite,2,1,0,0.4327603640040445,-0.0584282940553503,0.4761029411764705,"{""node_d"": 64, ""edge_d"": 64, ""n_layer"": 2, ""fc_d"": 128, ""lr"": 0.01, ""weight_decay"": 1e-05, ""dropout"": 0.1, ""batch"": 16}",161.8,168.7
alignn_lite,2,1,1,0.5460317460317461,0.266474020049506,0.5955882352941176,"{""node_d"": 128, ""edge_d"": 32, ""n_layer"": 4, ""fc_d"": 64, ""lr"": 0.01, ""weight_decay"": 0.0, ""dropout"": 0.0, ""batch"": 16}",174.9,197.7
alignn_lite,2,1,2,0.4771668219944082,-0.0376035523497616,0.4816176470588235,"{""node_d"": 64, ""edge_d"": 64, ""n_layer"": 4, ""fc_d"": 32, ""lr"": 0.01, ""weight_decay"": 0.0, ""dropout"": 0.3, ""batch"": 16}",204.9,203.9
alignn_lite,2,1,3,0.6616961789375583,0.3552206675984319,0.6709558823529411,"{""node_d"": 128, ""edge_d"": 64, ""n_layer"": 2, ""fc_d"": 64, ""lr"": 0.01, ""weight_decay"": 1e-05, ""dropout"": 0.3, ""batch"": 16}",145.6,121.0
alignn_lite,2,1,4,0.3637426900584795,-0.1656833739159028,0.4450980392156862,"{""node_d"": 32, ""edge_d"": 64, ""n_layer"": 2, ""fc_d"": 64, ""lr"": 0.001, ""weight_decay"": 0.0001, ""dropout"": 0.0, ""batch"": 32}",178.4,240.6
alignn_lite,2,2,0,0.3796992481203007,-0.2291746242570528,0.3897058823529412,"{""node_d"": 32, ""edge_d"": 32, ""n_layer"": 4, ""fc_d"": 128, ""lr"": 0.003, ""weight_decay"": 1e-05, ""dropout"": 0.0, ""batch"": 32}",178.0,188.4
alignn_lite,2,2,1,0.3725490196078431,-0.2549019607843137,0.3725490196078431,"{""node_d"": 32, ""edge_d"": 64, ""n_layer"": 4, ""fc_d"": 32, ""lr"": 0.001, ""weight_decay"": 0.0, ""dropout"": 0.0, ""batch"": 32}",218.3,249.7
alignn_lite,2,2,2,0.343108504398827,-0.3131121455425747,0.3431372549019608,"{""node_d"": 32, ""edge_d"": 32, ""n_layer"": 3, ""fc_d"": 32, ""lr"": 0.001, ""weight_decay"": 0.0, ""dropout"": 0.3, ""batch"": 16}",152.8,142.6
alignn_lite,2,2,3,0.4829493087557603,-0.0332105582077535,0.4834558823529412,"{""node_d"": 64, ""edge_d"": 32, ""n_layer"": 2, ""fc_d"": 64, ""lr"": 0.001, ""weight_decay"": 1e-05, ""dropout"": 0.1, ""batch"": 32}",187.4,155.2
alignn_lite,2,2,4,0.7017543859649122,0.4236592728681617,0.7058823529411764,"{""node_d"": 128, ""edge_d"": 32, ""n_layer"": 4, ""fc_d"": 32, ""lr"": 0.01, ""weight_decay"": 0.0001, ""dropout"": 0.3, ""batch"": 32}",185.7,175.0
alignn_lite,3,0,0,0.3653846153846154,-0.2581988897471611,0.3777777777777777,"{""node_d"": 128, ""edge_d"": 32, ""n_layer"": 3, ""fc_d"": 64, ""lr"": 0.003, ""weight_decay"": 0.0, ""dropout"": 0.3, ""batch"": 16}",173.8,278.2
alignn_lite,3,0,1,0.5970394736842105,0.2100420126042014,0.6029411764705883,"{""node_d"": 128, ""edge_d"": 32, ""n_layer"": 2, ""fc_d"": 128, ""lr"": 0.01, ""weight_decay"": 1e-05, ""dropout"": 0.1, ""batch"": 32}",187.6,271.9
alignn_lite,3,0,2,0.5553618134263296,0.1195228609334393,0.5588235294117647,"{""node_d"": 128, ""edge_d"": 64, ""n_layer"": 4, ""fc_d"": 128, ""lr"": 0.001, ""weight_decay"": 0.0, ""dropout"": 0.0, ""batch"": 16}",205.2,180.1
alignn_lite,3,0,3,0.5141065830721003,0.0379777262656375,0.51875,"{""node_d"": 32, ""edge_d"": 64, ""n_layer"": 3, ""fc_d"": 128, ""lr"": 0.01, ""weight_decay"": 0.0, ""dropout"": 0.0, ""batch"": 16}",193.2,248.2
alignn_lite,3,0,4,0.5479166666666666,0.1004192890506867,0.55,"{""node_d"": 32, ""edge_d"": 64, ""n_layer"": 3, ""fc_d"": 128, ""lr"": 0.001, ""weight_decay"": 1e-05, ""dropout"": 0.1, ""batch"": 16}",172.7,126.9
alignn_lite,3,1,0,0.6654377880184332,0.3623286509262706,0.6777777777777778,"{""node_d"": 128, ""edge_d"": 64, ""n_layer"": 2, ""fc_d"": 64, ""lr"": 0.001, ""weight_decay"": 0.0001, ""dropout"": 0.1, ""batch"": 32}",135.2,259.2
alignn_lite,3,1,1,0.4045584045584045,-0.1714985851425088,0.4191176470588235,"{""node_d"": 64, ""edge_d"": 32, ""n_layer"": 4, ""fc_d"": 128, ""lr"": 0.01, ""weight_decay"": 1e-05, ""dropout"": 0.1, ""batch"": 16}",148.2,264.2
alignn_lite,3,1,2,0.3004608294930875,-0.3940765522813289,0.3051470588235294,"{""node_d"": 32, ""edge_d"": 64, ""n_layer"": 2, ""fc_d"": 128, ""lr"": 0.01, ""weight_decay"": 0.0001, ""dropout"": 0.3, ""batch"": 16}",220.4,230.8
alignn_lite,3,1,3,0.6001863932898416,0.2105798931586654,0.6029411764705883,"{""node_d"": 32, ""edge_d"": 32, ""n_layer"": 2, ""fc_d"": 64, ""lr"": 0.003, ""weight_decay"": 1e-05, ""dropout"": 0.3, ""batch"": 32}",180.0,140.2
alignn_lite,3,1,4,0.5270935960591133,0.0636284762975777,0.53125,"{""node_d"": 64, ""edge_d"": 64, ""n_layer"": 4, ""fc_d"": 64, ""lr"": 0.003, ""weight_decay"": 0.0, ""dropout"": 0.1, ""batch"": 32}",169.4,274.8
alignn_lite,3,2,0,0.6360294117647058,0.2720588235294117,0.6360294117647058,"{""node_d"": 128, ""edge_d"": 32, ""n_layer"": 3, ""fc_d"": 64, ""lr"": 0.001, ""weight_decay"": 0.0, ""dropout"": 0.0, ""batch"": 16}",167.6,190.7
alignn_lite,3,2,1,0.7047619047619047,0.4482499640859219,0.7145833333333333,"{""node_d"": 32, ""edge_d"": 32, ""n_layer"": 3, ""fc_d"": 128, ""lr"": 0.003, ""weight_decay"": 0.0001, ""dropout"": 0.1, ""batch"": 16}",175.4,250.2
alignn_lite,3,2,2,0.6458333333333333,0.2916666666666667,0.6458333333333333,"{""node_d"": 128, ""edge_d"": 32, ""n_layer"": 2, ""fc_d"": 128, ""lr"": 0.001, ""weight_decay"": 1e-05, ""dropout"": 0.0, ""batch"": 32}",129.9,148.6
alignn_lite,3,2,3,0.6091954022988506,0.2282455960058202,0.6111111111111112,"{""node_d"": 64, ""edge_d"": 64, ""n_layer"": 2, ""fc_d"": 64, ""lr"": 0.01, ""weight_decay"": 0.0001, ""dropout"": 0.0, ""batch"": 16}",143.3,221.6
alignn_lite,3,2,4,0.3764102564102564,-0.2085144140570747,0.40625,"{""node_d"": 64, ""edge_d"": 32, ""n_layer"": 3, ""fc_d"": 64, ""lr"": 0.01, ""weight_decay"": 0.0001, ""dropout"": 0.3, ""batch"": 16}",193.4,258.7
alignn_lite,4,0,0,0.5270935960591133,0.0636284762975777,0.53125,"{""node_d"": 32, ""edge_d"": 64, ""n_layer"": 2, ""fc_d"": 128, ""lr"": 0.01, ""weight_decay"": 1e-05, ""dropout"": 0.3, ""batch"": 16}",174.2,255.5
alignn_lite,4,0,1,0.5607843137254902,0.1215686274509803,0.5607843137254902,"{""node_d"": 64, ""edge_d"": 32, ""n_layer"": 3, ""fc_d"": 32, ""lr"": 0.01, ""weight_decay"": 0.0001, ""dropout"": 0.3, ""batch"": 16}",154.6,153.4
alignn_lite,4,0,2,0.4684385382059801,0.0300828418798093,0.5117647058823529,"{""node_d"": 128, ""edge_d"": 64, ""n_layer"": 2, ""fc_d"": 128, ""lr"": 0.003, ""weight_decay"": 0.0, ""dropout"": 0.0, ""batch"": 32}",197.9,238.9
alignn_lite,4,0,3,0.4327603640040445,-0.0584282940553503,0.4761029411764705,"{""node_d"": 32, ""edge_d"": 64, ""n_layer"": 2, ""fc_d"": 128, ""lr"": 0.003, ""weight_decay"": 0.0001, ""dropout"": 0.0, ""batch"": 16}",153.2,205.6
alignn_lite,4,0,4,0.4499586435070306,-0.0811273914314836,0.4607843137254902,"{""node_d"": 32, ""edge_d"": 64, ""n_layer"": 2, ""fc_d"": 128, ""lr"": 0.01, ""weight_decay"": 1e-05, ""dropout"": 0.3, ""batch"": 16}",156.7,214.7
alignn_lite,4,1,0,0.4417293233082706,-0.1031285809156737,0.4503676470588235,"{""node_d"": 128, ""edge_d"": 32, ""n_layer"": 2, ""fc_d"": 32, ""lr"": 0.003, ""weight_decay"": 1e-05, ""dropout"": 0.1, ""batch"": 16}",159.7,232.9
alignn_lite,4,1,1,0.4367916303400174,-0.1069901231277282,0.4479166666666666,"{""node_d"": 64, ""edge_d"": 32, ""n_layer"": 3, ""fc_d"": 128, ""lr"": 0.01, ""weight_decay"": 1e-05, ""dropout"": 0.1, ""batch"": 16}",226.8,155.7
alignn_lite,4,1,2,0.4231177094379639,-0.108465228909328,0.4529411764705883,"{""node_d"": 32, ""edge_d"": 64, ""n_layer"": 3, ""fc_d"": 128, ""lr"": 0.01, ""weight_decay"": 0.0001, ""dropout"": 0.1, ""batch"": 32}",191.3,245.3
alignn_lite,4,1,3,0.5079365079365079,0.0256494588021288,0.5125,"{""node_d"": 64, ""edge_d"": 64, ""n_layer"": 3, ""fc_d"": 64, ""lr"": 0.003, ""weight_decay"": 0.0001, ""dropout"": 0.0, ""batch"": 32}",200.7,202.6
alignn_lite,4,1,4,0.5492424242424242,0.2182178902359924,0.5882352941176471,"{""node_d"": 128, ""edge_d"": 64, ""n_layer"": 3, ""fc_d"": 128, ""lr"": 0.01, ""weight_decay"": 1e-05, ""dropout"": 0.1, ""batch"": 32}",172.8,208.1
alignn_lite,4,2,0,0.5607843137254902,0.1215686274509803,0.5607843137254902,"{""node_d"": 32, ""edge_d"": 32, ""n_layer"": 4, ""fc_d"": 128, ""lr"": 0.001, ""weight_decay"": 0.0001, ""dropout"": 0.3, ""batch"": 16}",199.3,134.3
alignn_lite,4,2,1,0.5076923076923077,0.108465228909328,0.5470588235294118,"{""node_d"": 32, ""edge_d"": 64, ""n_layer"": 2, ""fc_d"": 64, ""lr"": 0.01, ""weight_decay"": 0.0001, ""dropout"": 0.1, ""batch"": 16}",157.7,220.2
alignn_lite,4,2,2,0.6190476190476191,0.2581988897471611,0.625,"{""node_d"": 64, ""edge_d"": 32, ""n_layer"": 4, ""fc_d"": 128, ""lr"": 0.01, ""weight_decay"": 1e-05, ""dropout"": 0.3, ""batch"": 16}",281.0,270.9
alignn_lite,4,2,3,0.652093023255814,0.3692668746196414,0.6631944444444444,"{""node_d"": 128, ""edge_d"": 32, ""n_layer"": 3, ""fc_d"": 64, ""lr"": 0.003, ""weight_decay"": 0.0, ""dropout"": 0.1, ""batch"": 16}",209.6,252.7
alignn_lite,4,2,4,0.46875,-0.0592348877759092,0.4705882352941176,"{""node_d"": 64, ""edge_d"": 32, ""n_layer"": 4, ""fc_d"": 32, ""lr"": 0.003, ""weight_decay"": 1e-05, ""dropout"": 0.0, ""batch"": 16}",259.9,251.1
alignn_lite,0,0,0,0.6458333333333333,0.29617443887954614,0.6470588235294118,"{""node_d"": 64, ""edge_d"": 64, ""n_layer"": 3, ""fc_d"": 32, ""lr"": 0.01, ""weight_decay"": 0.0001, ""dropout"": 0.3, ""batch"": 16}",184.2,227.2
alignn_lite,0,0,1,0.5076923076923077,0.04222003309207491,0.5196078431372549,"{""node_d"": 64, ""edge_d"": 64, ""n_layer"": 2, ""fc_d"": 32, ""lr"": 0.01, ""weight_decay"": 0.0001, ""dropout"": 0.3, ""batch"": 32}",151.0,250.1
alignn_lite,0,0,2,0.7332170880557978,0.4780914437337574,0.7352941176470589,"{""node_d"": 64, ""edge_d"": 32, ""n_layer"": 2, ""fc_d"": 64, ""lr"": 0.001, ""weight_decay"": 1e-05, ""dropout"": 0.0, ""batch"": 16}",185.5,186.2
alignn_lite,0,0,3,0.6278195488721805,0.27500954910846337,0.6323529411764706,"{""node_d"": 128, ""edge_d"": 64, ""n_layer"": 2, ""fc_d"": 32, ""lr"": 0.003, ""weight_decay"": 1e-05, ""dropout"": 0.3, ""batch"": 32}",151.9,184.8
alignn_lite,0,0,4,0.7394957983193278,0.4789915966386555,0.7394957983193278,"{""node_d"": 128, ""edge_d"": 32, ""n_layer"": 2, ""fc_d"": 128, ""lr"": 0.01, ""weight_decay"": 0.0001, ""dropout"": 0.3, ""batch"": 16}",164.2,206.6
