formula,qx,qy,sg,theta,phi,label4,label2,label_src,group_id,uid,uid_ambiguous,Qmin_raw,bandwidth,_merge
AgCrAs2Se6,0.07,0.07,P312,2.0,240.0,NC,non_collinear,Q-based,P312|Ag-Cr,1AgCrAs2Se6-1,False,"[0.07142857142857145, 0.07142857142857145, 0.0]",3.63967552939215,both
AgCrAs2Te6,0.5,-0.5,C2,2.0,240.0,AFM_collinear,collinear,Table2,C2|Ag-Cr,1AgCrAs2Te6-1,False,"[0.5, -0.5, 0.0]",4.32665914352981,both
AgCrP2S6,0.0,0.0,P312,90.0,340.0,FM,collinear,Q=Gamma,P312|Ag-Cr,1AgCrP2S6-1,False,"[0.0, 0.0, 0.0]",31.650120046393226,both
AgCrP2Se6,0.0,0.0,P312,0.0,0.0,FM,collinear,Q=Gamma,P312|Ag-Cr,1AgCrP2Se6-1,False,"[0.0, 0.0, 0.0]",24.28833799031338,both
AgF6Ge,0.5,-0.5,P-1,28.0,212.0,AFM_collinear,collinear,Table2,P-1|Ag,1AgGeF6-1,False,"[0.5, -0.5, 0.0]",6.390346471548014,both
AgMoBr4,0.25,0.5,P2/m,90.0,184.0,NC,non_collinear,Q-based,P2/m|Ag-Mo,1AgMoBr4-1,False,,,left_only
AgVP2S6,0.0,0.0,C2,26.0,59.0,FM,collinear,Q=Gamma,C2|Ag-V,1AgVP2S6-1,False,"[0.0, 0.0, 0.0]",18.80128548376092,both
AgVP2Se6,0.0,0.0,C2,0.0,0.0,DM_SS,non_collinear,Table1,C2|Ag-V,1AgVP2Se6-1,False,"[0.0, 0.0, 0.0]",19.283630909477267,both
AlMnI2S2,0.5,0.0,Pmm2,90.0,94.0,AFM_collinear,collinear,Table2,Pmm2|Mn,1AlMnI2S2-1,False,,,left_only
AuSnF6,0.53,-0.42,P-1,32.0,201.0,NC,non_collinear,Q-based,P-1|Au,1AuSnF6-1,False,"[0.5332173707251019, -0.4221523123793038, 0.0]",11.605429852238558,both
AuVP2Se6,0.0,0.0,C2,56.0,239.0,DM_SS,non_collinear,Table1,C2|Au-V,1AuVP2Se6-1,False,"[0.0, 0.0, 0.0]",19.315383050226842,both
NiBrCl,0.1,0.1,P3m1,90.0,322.0,NC,non_collinear,Q-based,P3m1|Ni,1BrClNi-1,False,,,left_only
VBrCl,0.3333333333333333,0.3333333333333333,P3m1,2.0,300.0,NC,non_collinear,Q-based,P3m1|V,1BrClV-1,True,"[0.3333333333333333, 0.3333333333333333, 0.0]",47.27101959488067,both
CrBrI,0.0,0.0,P3m1,84.0,269.0,FM,collinear,Q=Gamma,P3m1|Cr,1BrCrI-1,True,"[0.0, 0.0, 0.0]",38.77869910200005,both
VBrI,0.3333333333333333,0.3333333333333333,P3m1,90.0,148.0,NC,non_collinear,Q-based,P3m1|V,1BrIV-1,True,"[0.3333333333333333, 0.3333333333333333, 0.0]",17.953903197396315,both
VBrI,0.3333333333333333,0.3333333333333333,P3m1,0.0,0.0,NC,non_collinear,Q-based,P3m1|V,1BrIV-2,True,"[0.3333333333333333, 0.3333333333333333, 0.0]",175.17449811038688,both
CrClI,0.0,0.0,P3m1,74.0,237.0,FM,collinear,Q=Gamma,P3m1|Cr,1ClCrI-1,True,"[0.0, 0.0, 0.0]",47.8745578139268,both
CrClTe,0.05,0.05,P3m1,10.0,151.0,NC,non_collinear,Q-based,P3m1|Cr,1ClCrTe-1,False,,,left_only
GaMnBr5Cl,0.51,-0.49,P1,36.0,173.0,AFM_collinear,collinear,Table2,P1|Mn,1ClGaMnBr5-1,False,,,left_only
VClIO,0.0,0.0,Pm,30.0,280.0,DM_SS,non_collinear,Table1,Pm|V,1ClIOV-1,False,,,left_only
VClI,0.3333333333333333,0.3333333333333333,P3m1,90.0,150.0,NC,non_collinear,Q-based,P3m1|V,1ClIV-1,True,"[0.3333333333333333, 0.3333333333333333, 0.0]",28.987740223749725,both
CoBr2,0.0,0.0,P-4m2,0.0,0.0,DM_SS,non_collinear,Table1,P-4m2|Co,1CoBr2-1,False,"[0.0, 0.0, 0.0]",30.11023980542049,both
CoBr2,0.02,0.02,P-3m1,86.0,276.0,NC,non_collinear,Q-based,P-3m1|Co,1CoBr2-2,False,"[0.023809523809523836, 0.023809523809523836, 0.0]",21.154527034964232,both
CoCl2,0.0,0.0,P-4m2,20.0,151.0,FM,collinear,Q=Gamma,P-4m2|Co,1CoCl2-1,False,"[0.0, 0.0, 0.0]",43.81530144995516,both
CoCl2,0.0,0.0,P-3m1,0.0,0.0,FM,collinear,Q=Gamma,P-3m1|Co,1CoCl2-2,False,"[0.0, 0.0, 0.0]",46.020629364061705,both
CoF2,0.0,0.0,P-4m2,90.0,270.0,FM,collinear,Q=Gamma,P-4m2|Co,1CoF2-2,False,"[0.0, 0.0, 0.0]",48.06443964764995,both
CoGa2S4,0.0,0.0,P-3m1,88.0,90.0,FM,collinear,Q=Gamma,P-3m1|Co,1CoGa2S4-1,True,"[0.0, 0.0, 0.0]",39139.463525609346,both
CoGa2S4,0.0,0.0,P-3m1,90.0,276.0,FM,collinear,Q=Gamma,P-3m1|Co,1CoGa2S4-2,True,"[0.0, 0.0, 0.0]",61.912796797123804,both
CoGa2Se4,0.0,0.0,P-3m1,90.0,280.0,FM,collinear,Q=Gamma,P-3m1|Co,1CoGa2Se4-1,True,"[0.0, 0.0, 0.0]",49.66465526044317,both
CoGa2Se4,0.0,0.0,P-3m1,90.0,90.0,FM,collinear,Q=Gamma,P-3m1|Co,1CoGa2Se4-2,True,"[0.0, 0.0, 0.0]",42.57354244697353,both
CoI2,0.08,0.08,P-4m2,90.0,46.0,NC,non_collinear,Q-based,P-4m2|Co,1CoI2-1,False,"[0.08333333333333337, 0.08333333333333337, 0.0]",12.027322761975157,both
CoI2,0.5,0.0,P-3m1,86.0,126.0,AFM_collinear,collinear,Table2,P-3m1|Co,1CoI2-2,False,"[0.5, 0.0, 0.0]",42.127895119977055,both
CoO2,0.0,0.0,P-3m1,90.0,24.0,FM,collinear,Q=Gamma,P-3m1|Co,1CoO2-1,False,"[0.0, 0.0, 0.0]",29.960175257158994,both
CoZrBr6,0.46,-0.46,C2,28.0,246.0,NC,non_collinear,Q-based,C2|Co-Zr,1CoZrBr6-1,False,"[0.4642857142857143, -0.4642857142857143, 0.0]",14.418728237892253,both
CrCuP2Se6,0.0,0.0,C2,8.0,58.0,FM,collinear,Q=Gamma,C2|Cr-Cu,1CrCuP2Se6-1,False,"[0.0, 0.0, 0.0]",19.60579001122653,both
CrGa2S4,0.0,0.0,P-3m1,4.0,277.0,FM,collinear,Q=Gamma,P-3m1|Cr,1CrGa2S4-1,False,"[0.0, 0.0, 0.0]",63.250448079962496,both
CrGa2Se4,0.0,0.0,P-3m1,0.0,0.0,FM,collinear,Q=Gamma,P-3m1|Cr,1CrGa2Se4-1,False,"[0.0, 0.0, 0.0]",102.28581842686424,both
CrGa2Te4,0.0,0.0,P-3m1,0.0,0.0,FM,collinear,Q=Gamma,P-3m1|Cr,1CrGa2Te4-1,False,"[0.0, 0.0, 0.0]",116.10270386801602,both
CrHO2,0.0,0.0,P3m1,0.0,0.0,FM,collinear,Q=Gamma,P3m1|Cr,1CrHO2-1,False,"[0.0, 0.0, 0.0]",31312.952810501727,both
CrI2,0.0,0.0,P-3m1,90.0,240.0,FM,collinear,Q=Gamma,P-3m1|Cr,1CrI2-1,False,"[0.0, 0.0, 0.0]",39.190795237319165,both
CrI2,0.0,0.0,P-4m2,90.0,180.0,FM,collinear,Q=Gamma,P-4m2|Cr,1CrI2-2,False,"[0.0, 0.0, 0.0]",200.99752416442485,both
CrISe,0.0,0.0,P3m1,90.0,282.0,DM_SS,non_collinear,Table1,P3m1|Cr,1CrISe-1,False,,,left_only
CrIn2Te4,0.0,0.0,P-3m1,0.0,0.0,FM,collinear,Q=Gamma,P-3m1|Cr,1CrIn2Te4-1,False,"[0.0, 0.0, 0.0]",128.92257328328327,both
CrO2,0.0,0.0,P-3m1,74.0,208.0,FM,collinear,Q=Gamma,P-3m1|Cr,1CrO2-1,False,"[0.0, 0.0, 0.0]",183.00269304185335,both
CrO2,0.0,0.1666666666666666,P-4m2,90.0,0.0,NC,non_collinear,Q-based,P-4m2|Cr,1CrO2-3,False,"[0.0, 0.16666666666666666, 0.0]",131.95863450720324,both
CrF2O,0.0,0.125,Pmmm,90.0,90.0,NC,non_collinear,Q-based,Pmmm|Cr,1CrOF2-1,False,"[0.0, 0.125, 0.0]",175.6827021700822,both
CrS2,0.0,0.0,P-4m2,0.0,0.0,FM,collinear,Q=Gamma,P-4m2|Cr,1CrS2-3,False,"[0.0, 0.0, 0.0]",107.11348670603726,both
CrSe2,0.0,0.0,P-4m2,90.0,44.0,FM,collinear,Q=Gamma,P-4m2|Cr,1CrSe2-3,False,"[0.0, 0.0, 0.0]",240.0815854011178,both
CuLi2O2,0.0,0.5,C2/m,16.0,274.0,AFM_collinear,collinear,Table2,C2/m|Cu,1CuLi2O2-1,False,"[0.0, 0.5, 0.0]",26418.09607430225,both
CuVP2S6,0.0,0.0,C2,44.0,60.0,FM,collinear,Q=Gamma,C2|Cu-V,1CuVP2S6-1,False,"[0.0, 0.0, 0.0]",20.341719041191197,both
CuVP2Se6,0.0,0.0,C2,6.0,57.0,DM_SS,non_collinear,Table1,C2|Cu-V,1CuVP2Se6-1,False,"[0.0, 0.0, 0.0]",16.888908415388926,both
FeBr2,0.0,0.0,P-3m1,90.0,8.0,FM,collinear,Q=Gamma,P-3m1|Fe,1FeBr2-1,False,"[0.0, 0.0, 0.0]",78.81819794538991,both
FeBr2,0.5,0.5,P-4m2,0.0,0.0,AFM_collinear,collinear,Table2,P-4m2|Fe,1FeBr2-2,False,"[0.5, 0.5, 0.0]",18.55570228208947,both
FeBr2,0.0,0.0,P-6m2,90.0,180.0,FM,collinear,Q=Gamma,P-6m2|Fe,1FeBr2-3,False,"[0.0, 0.0, 0.0]",248.10259573981597,both
FeCl2,0.0,0.0,P-3m1,84.0,56.0,FM,collinear,Q=Gamma,P-3m1|Fe,1FeCl2-1,False,"[0.0, 0.0, 0.0]",107.82774503504555,both
FeCl2,0.5,0.5,P-4m2,0.0,0.0,AFM_collinear,collinear,Table2,P-4m2|Fe,1FeCl2-2,False,"[0.5, 0.5, 0.0]",15.49596015904875,both
FeCl2,0.0,0.0,P-6m2,0.0,0.0,FM,collinear,Q=Gamma,P-6m2|Fe,1FeCl2-3,False,"[0.0, 0.0, 0.0]",316.1164699657206,both
FeI2,0.0,0.0,P-3m1,90.0,0.0,FM,collinear,Q=Gamma,P-3m1|Fe,1FeI2-1,False,"[0.0, 0.0, 0.0]",34.625408308798455,both
FeI2,0.5,0.5,P-4m2,0.0,0.0,AFM_collinear,collinear,Table2,P-4m2|Fe,1FeI2-2,False,"[0.5, 0.5, 0.0]",36.70810227449195,both
FeI2,0.0,0.0,P-6m2,90.0,184.0,FM,collinear,Q=Gamma,P-6m2|Fe,1FeI2-3,False,"[0.0, 0.0, 0.0]",172.70579921782138,both
FeMgBr2O2,-0.35,0.68,Cm,58.0,266.0,NC,non_collinear,Q-based,Cm|Fe,1FeMgBr2O2-1,False,,,left_only
FeO2,0.0,0.0,P-3m1,90.0,270.0,FM,collinear,Q=Gamma,P-3m1|Fe,1FeO2-1,False,"[0.0, 0.0, 0.0]",28.084204806333446,both
FeO2,0.0,0.0,P-6m2,90.0,28.0,FM,collinear,Q=Gamma,P-6m2|Fe,1FeO2-3,False,"[0.0, 0.0, 0.0]",121.96858103621366,both
FeS2,0.0,0.0,P-6m2,90.0,0.0,FM,collinear,Q=Gamma,P-6m2|Fe,1FeS2-2,False,"[0.0, 0.0, 0.0]",85.83103663886149,both
FeTe2,0.0,0.0,P-6m2,90.0,60.0,FM,collinear,Q=Gamma,P-6m2|Fe,1FeTe2-2,False,"[0.0, 0.0, 0.0]",101.5256758766796,both
GaMnBr4Cl2,0.51,-0.49,P1,36.0,289.0,AFM_collinear,collinear,Table2,P1|Mn,1GaMnCl2Br4-1,False,,,left_only
GaMnCl2O2,0.5,0.0,Pm,90.0,94.0,AFM_collinear,collinear,Table2,Pm|Mn,1GaMnCl2O2-1,False,,,left_only
HfMnBr6,0.3333333333333333,0.3333333333333333,P312,2.0,120.0,NC,non_collinear,Q-based,P312|Hf-Mn,1HfMnBr6-1,False,"[0.3333333333333333, 0.3333333333333333, 0.0]",1.9062109930416682,both
HfMnCl6,0.3333333333333333,0.3333333333333333,P312,76.0,311.0,NC,non_collinear,Q-based,P312|Hf-Mn,1HfMnCl6-1,False,"[0.3333333333333333, 0.3333333333333333, 0.0]",1.186120587824746,both
HfMnI6,0.3333333333333333,0.3333333333333333,P312,0.0,0.0,NC,non_collinear,Q-based,P312|Hf-Mn,1HfMnI6-1,False,"[0.3333333333333333, 0.3333333333333333, 0.0]",3.10184306821526,both
HfNiBr6,0.0,0.0,P312,74.0,0.0,DM_SS,non_collinear,Table1,P312|Hf-Ni,1HfNiBr6-1,False,"[0.0, 0.0, 0.0]",2.9422288948666164,both
HfNiCl6,0.0,0.0,P312,8.0,187.0,FM,collinear,Q=Gamma,P312|Hf-Ni,1HfNiCl6-1,False,"[0.0, 0.0, 0.0]",1.9857724994167825,both
HfNiF6,0.3333333333333333,0.3333333333333333,P312,86.0,94.0,NC,non_collinear,Q-based,P312|Hf-Ni,1HfNiF6-1,False,"[0.3333333333333333, 0.3333333333333333, 0.0]",0.08883989531227598,both
HfNiI6,0.0,0.0,P312,90.0,18.0,DM_SS,non_collinear,Table1,P312|Hf-Ni,1HfNiI6-1,False,"[0.0, 0.0, 0.0]",4.924028761749355,both
HfPdBr6,0.05,0.05,P312,4.0,249.0,NC,non_collinear,Q-based,P312|Hf-Pd,1HfPdBr6-1,False,"[0.047619047619047616, 0.047619047619047616, 0.0]",2.853185460949703,both
HfPdCl6,0.0,0.0,P312,0.0,0.0,DM_SS,non_collinear,Table1,P312|Hf-Pd,1HfPdCl6-1,False,"[0.0, 0.0, 0.0]",1.649755092039129,both
HfPdF6,0.3333333333333333,0.3333333333333333,P312,0.0,0.0,NC,non_collinear,Q-based,P312|Hf-Pd,1HfPdF6-1,False,"[0.3333333333333333, 0.3333333333333333, 0.0]",0.06131328325409413,both
InMnBr6,0.49,-0.51,C2,2.0,60.0,AFM_collinear,collinear,Table2,C2|Mn,1InMnBr6-1,False,,,left_only
,,,,,,,,,,1KTiS2-1,,"[0.0, 0.0, 0.0]",0.7265259085968978,right_only
,,,,,,,,,,1LiPdP2S6-1,,"[0.047619047619047616, -0.09523809523809523, 0.0]",51128.522920293515,right_only
Al2MnS4,0.36,0.28,P3m1,74.0,29.0,NC,non_collinear,Q-based,P3m1|Mn,1MnAl2S4-2,False,"[0.3611111111111111, 0.27777777777777773, 0.0]",307.7761384449431,both
Al2MnTe4,0.5,0.0,P-3m1,88.0,30.0,AFM_collinear,collinear,Table2,P-3m1|Mn,1MnAl2Te4-1,False,"[0.5, 0.0, 0.0]",45.51968851070143,both
Bi2MnS4,0.3333333333333333,0.3333333333333333,P-3m1,90.0,328.0,NC,non_collinear,Q-based,P-3m1|Mn,1MnBi2S4-1,False,"[0.3333333333333333, 0.3333333333333333, 0.0]",27.596944380277932,both
Bi2MnSe4,0.3333333333333333,0.3333333333333333,P-3m1,90.0,240.0,NC,non_collinear,Q-based,P-3m1|Mn,1MnBi2Se4-1,False,"[0.3333333333333333, 0.3333333333333333, 0.0]",22.541561169376223,both
Bi2MnTe4,0.3333333333333333,0.3333333333333333,P-3m1,76.0,265.0,NC,non_collinear,Q-based,P-3m1|Mn,1MnBi2Te4-1,False,"[0.3333333333333333, 0.3333333333333333, 0.0]",22.880852723730527,both
MnBr2,0.3333333333333333,0.3333333333333333,P-3m1,90.0,236.0,NC,non_collinear,Q-based,P-3m1|Mn,1MnBr2-1,False,"[0.3333333333333333, 0.3333333333333333, 0.0]",20.136785163824555,both
MnBr2,0.5,0.5,P-4m2,90.0,314.0,AFM_collinear,collinear,Table2,P-4m2|Mn,1MnBr2-2,False,"[0.5, 0.5, 0.0]",117.59750950024994,both
MnCl2,0.3333333333333333,0.3333333333333333,P-3m1,56.0,319.0,NC,non_collinear,Q-based,P-3m1|Mn,1MnCl2-1,False,"[0.3333333333333333, 0.3333333333333333, 0.0]",20.489280180552072,both
MnCl2,0.5,0.5,P-4m2,90.0,226.0,AFM_collinear,collinear,Table2,P-4m2|Mn,1MnCl2-2,False,"[0.5, 0.5, 0.0]",137.56829952369642,both
Ga2MnS4,0.3333333333333333,0.3333333333333333,P3m1,40.0,276.0,NC,non_collinear,Q-based,P3m1|Mn,1MnGa2S4-2,False,"[0.3333333333333333, 0.3333333333333333, 0.0]",243.57491027268452,both
Ga2MnSe4,0.5,0.0,P-3m1,88.0,352.0,AFM_collinear,collinear,Table2,P-3m1|Mn,1MnGa2Se4-1,False,"[0.5, 0.0, 0.0]",44.51676093565737,both
MnI2,0.3333333333333333,0.3333333333333333,P-3m1,0.0,0.0,NC,non_collinear,Q-based,P-3m1|Mn,1MnI2-1,False,"[0.3333333333333333, 0.3333333333333333, 0.0]",21.32069544667914,both
MnI2,0.5,0.5,P-4m2,0.0,0.0,AFM_collinear,collinear,Table2,P-4m2|Mn,1MnI2-2,False,"[0.5, 0.5, 0.0]",105.58432533310125,both
In2MnS4,0.3333333333333333,0.3333333333333333,P-3m1,90.0,266.0,NC,non_collinear,Q-based,P-3m1|Mn,1MnIn2S4-1,False,"[0.3333333333333333, 0.3333333333333333, 0.0]",43.492378972324275,both
In2MnSe4,0.31,0.31,P-3m1,90.0,60.0,NC,non_collinear,Q-based,P-3m1|Mn,1MnIn2Se4-1,False,"[0.30952380952380953, 0.30952380952380953, 0.0]",51.867927547377235,both
In2MnSe4,0.5,0.0,P3m1,8.0,202.0,AFM_collinear,collinear,Table2,P3m1|Mn,1MnIn2Se4-2,False,"[0.5, 0.0, 0.0]",99.26571193764744,both
MnNiS2Se2,0.23,0.0,Pm,44.0,276.0,NC,non_collinear,Q-based,Pm|Mn-Ni,1MnNiS2Se2-1,False,,,left_only
MnO2,0.1428571428571428,0.1428571428571428,P-3m1,88.0,152.0,NC,non_collinear,Q-based,P-3m1|Mn,1MnO2-1,False,"[0.14285714285714285, 0.14285714285714285, 0.0]",23.564302658236613,both
MnO2,0.0,0.0,P-6m2,0.0,0.0,FM,collinear,Q=Gamma,P-6m2|Mn,1MnO2-3,False,"[0.0, 0.0, 0.0]",21.760932750840567,both
MnS2,0.12,0.12,P-3m1,2.0,0.0,NC,non_collinear,Q-based,P-3m1|Mn,1MnS2-1,False,"[0.11904761904761907, 0.11904761904761907, 0.0]",48.83603011913351,both
MnS2,0.5,0.5,P-4m2,90.0,224.0,AFM_collinear,collinear,Table2,P-4m2|Mn,1MnS2-3,False,"[0.5, 0.5, 0.0]",42.00669821053182,both
MnScBr6,0.22,-0.44,C2,90.0,200.0,NC,non_collinear,Q-based,C2|Mn-Sc,1MnScBr6-1,False,,,left_only
MnSe2,0.1,0.1,P-3m1,0.0,0.0,NC,non_collinear,Q-based,P-3m1|Mn,1MnSe2-1,False,"[0.09523809523809526, 0.09523809523809526, 0.0]",45.449059985990914,both
MnTe2,0.1,0.1,P-3m1,78.0,149.0,NC,non_collinear,Q-based,P-3m1|Mn,1MnTe2-1,False,"[0.09523809523809526, 0.09523809523809526, 0.0]",45.22299245652661,both
MnTe2,0.3333333333333333,0.3333333333333333,P-6m2,0.0,0.0,NC,non_collinear,Q-based,P-6m2|Mn,1MnTe2-2,False,"[0.3333333333333333, 0.3333333333333333, 0.0]",112.21494548434308,both
MnZrBr6,0.3333333333333333,0.3333333333333333,P312,14.0,254.0,NC,non_collinear,Q-based,P312|Mn-Zr,1MnZrBr6-1,False,"[0.3333333333333333, 0.3333333333333333, 0.0]",1.8926801853638153,both
MnZrI6,0.3333333333333333,0.3333333333333333,P312,0.0,0.0,NC,non_collinear,Q-based,P312|Mn-Zr,1MnZrI6-1,False,"[0.3333333333333333, 0.3333333333333333, 0.0]",3.073126068500187,both
MoOsCl6,0.1,0.1,C2,32.0,235.0,NC,non_collinear,Q-based,C2|Mo-Os,1MoOsCl6-1,False,,,left_only
,,,,,,,,,,1MoSe2-3,,"[0.5, 0.5, 0.0]",2.812732396119344,right_only
,,,,,,,,,,1NbO2-2,,"[0.05, 0.0, 0.0]",1.9019381576157457,right_only
,,,,,,,,,,1NbSTe-1,,"[0.047619047619047616, 0.047619047619047616, 0.0]",0.10685898273621319,right_only
,,,,,,,,,,1NbSe2-3,,"[0.0, 0.0, 0.0]",2.10663784681131,right_only
,,,,,,,,,,1NbSeTe-1,,"[0.047619047619047616, 0.047619047619047616, 0.0]",0.0684829063395398,right_only
,,,,,,,,,,1NbTe2-1,,"[0.0, 0.0, 0.0]",0.279076904785569,right_only
NiBr2,0.1,0.1,P-3m1,86.0,54.0,NC,non_collinear,Q-based,P-3m1|Ni,1NiBr2-1,False,"[0.09523809523809526, 0.09523809523809526, 0.0]",50.37095432997418,both
NiBr2,0.0,0.0,P-4m2,2.0,300.0,DM_SS,non_collinear,Table1,P-4m2|Ni,1NiBr2-2,False,"[0.0, 0.0, 0.0]",103.60343694145513,both
NiCl2,0.07,0.07,P-3m1,88.0,318.0,NC,non_collinear,Q-based,P-3m1|Ni,1NiCl2-1,False,"[0.07142857142857145, 0.07142857142857145, 0.0]",45.230752389990414,both
NiF2,0.0,0.0,P-3m1,8.0,274.0,FM,collinear,Q=Gamma,P-3m1|Ni,1NiF2-1,False,"[0.0, 0.0, 0.0]",12.487487838686917,both
Ga2NiS4,0.3333333333333333,0.3333333333333333,P-3m1,90.0,332.0,NC,non_collinear,Q-based,P-3m1|Ni,1NiGa2S4-1,True,"[0.3333333333333333, 0.3333333333333333, 0.0]",70.91249004934497,both
NiH2O2,0.3333333333333333,0.3333333333333333,P-3m1,0.0,0.0,NC,non_collinear,Q-based,P-3m1|Ni,1NiH2O2-1,False,"[0.3333333333333333, 0.3333333333333333, 0.0]",15.259517922746824,both
NiI2,0.12,0.12,P-3m1,90.0,60.0,NC,non_collinear,Q-based,P-3m1|Ni,1NiI2-1,False,"[0.11904761904761907, 0.11904761904761907, 0.0]",67.0526585581559,both
NiI2,0.17,0.17,P-4m2,90.0,18.0,NC,non_collinear,Q-based,P-4m2|Ni,1NiI2-2,False,"[0.16666666666666669, 0.16666666666666669, 0.0]",39.75123510839751,both
NiPdF6,0.13,-0.13,C2/m,6.0,133.0,NC,non_collinear,Q-based,C2/m|Ni-Pd,1NiPdF6-1,False,,,left_only
NiTiBr3Cl3,0.0,0.0,P1,52.0,294.0,FM,collinear,Q=Gamma,P1|Ni-Ti,1NiTiBr3Cl3-1,False,,,left_only
NiZrBr6,0.0,0.0,P312,22.0,0.0,DM_SS,non_collinear,Table1,P312|Ni-Zr,1NiZrBr6-1,False,"[0.0, 0.0, 0.0]",3.057502071186491,both
NiZrCl6,0.0,0.0,P312,8.0,187.0,FM,collinear,Q=Gamma,P312|Ni-Zr,1NiZrCl6-1,False,"[0.0, 0.0, 0.0]",2.09209196139426,both
NiZrF6,0.0,0.0,P312,20.0,180.0,FM,collinear,Q=Gamma,P312|Ni-Zr,1NiZrF6-1,False,"[0.0, 0.0, 0.0]",0.16025417005494091,both
NiZrI6,0.0,0.0,P312,90.0,358.0,DM_SS,non_collinear,Table1,P312|Ni-Zr,1NiZrI6-1,False,"[0.0, 0.0, 0.0]",5.0740659456636195,both
VBr2O,0.5,0.5,Pmm2,0.0,0.0,AFM_collinear,collinear,Table2,Pmm2|V,1OVBr2-1,False,"[0.5, 0.5, 0.0]",20.998206584568635,both
VCl2O,0.5,0.5,Pmm2,0.0,0.0,AFM_collinear,collinear,Table2,Pmm2|V,1OVCl2-1,False,"[0.5, 0.5, 0.0]",29.263443331533523,both
VF2O,0.0,0.0,Pmm2,90.0,90.0,DM_SS,non_collinear,Table1,Pmm2|V,1OVF2-1,False,"[0.0, 0.0, 0.0]",9.774975812337772,both
VI2O,-0.31,-0.5,Pmm2,0.0,0.0,NC,non_collinear,Q-based,Pmm2|V,1OVI2-1,False,"[-0.3125, -0.5, 0.0]",7.631913044008343,both
PdBr2,0.12,0.12,P-3m1,90.0,240.0,NC,non_collinear,Q-based,P-3m1|Pd,1PdBr2-1,False,"[0.11904761904761907, 0.11904761904761907, 0.0]",65.93071456670607,both
PdCl2,0.1,0.1,P-3m1,10.0,325.0,NC,non_collinear,Q-based,P-3m1|Pd,1PdCl2-1,False,"[0.09523809523809526, 0.09523809523809526, 0.0]",66.27929104368135,both
PdZrBr6,0.02,0.02,P312,18.0,238.0,NC,non_collinear,Q-based,P312|Pd-Zr,1PdZrBr6-1,False,"[0.023809523809523836, 0.023809523809523836, 0.0]",2.8181228322310403,both
PdZrI6,0.0,0.0,P312,90.0,270.0,FM,collinear,Q=Gamma,P312|Pd-Zr,1PdZrI6-1,False,"[0.0, 0.0, 0.0]",8.16832105037335,both
PtCl2,0.1,0.1,P-3m1,90.0,240.0,NC,non_collinear,Q-based,P-3m1|Pt,1PtCl2-1,False,"[0.09523809523809526, 0.09523809523809526, 0.0]",64.35249804286691,both
,,,,,,,,,,1RbTiS2-1,,"[0.0, 0.0, 0.0]",0.9380286451161624,right_only
Ag2ReBr6,0.3333333333333333,0.3333333333333333,P-31m,86.0,190.0,NC,non_collinear,Q-based,P-31m|Ag-Re,1ReAg2Br6-1,False,"[0.3333333333333333, 0.3333333333333333, 0.0]",69.101129145686,both
Ag2ReCl6,0.3333333333333333,0.3333333333333333,P-31m,90.0,60.0,NC,non_collinear,Q-based,P-31m|Ag-Re,1ReAg2Cl6-1,False,"[0.3333333333333333, 0.3333333333333333, 0.0]",65.18285050601946,both
Ag2ReF6,0.3333333333333333,0.3333333333333333,P-3,90.0,38.0,NC,non_collinear,Q-based,P-3|Ag-Re,1ReAg2F6-1,False,"[0.3333333333333333, 0.3333333333333333, 0.0]",16.891223447913717,both
Ag2ReI6,0.3333333333333333,0.3333333333333333,P-31m,22.0,199.0,NC,non_collinear,Q-based,P-31m|Ag-Re,1ReAg2I6-1,False,"[0.3333333333333333, 0.3333333333333333, 0.0]",60.0968043394694,both
Au2ReF6,0.0,0.0,P1,10.0,35.0,DM_SS,non_collinear,Table1,P1|Au-Re,1ReAu2F6-1,False,"[0.0, 0.0, 0.0]",5.791870587600556,both
Cu2ReCl6,0.3333333333333333,0.3333333333333333,P-3,90.0,34.0,NC,non_collinear,Q-based,P-3|Cu-Re,1ReCu2Cl6-1,False,"[0.3333333333333333, 0.3333333333333333, 0.0]",54.32508003472236,both
Cu2ReF6,0.35,0.35,P-1,70.0,81.0,NC,non_collinear,Q-based,P-1|Cu-Re,1ReCu2F6-1,False,"[0.3520508569720763, 0.3520508569720763, 0.0]",6.958201109469542,both
Cu2ReI6,0.3333333333333333,0.3333333333333333,P-3,0.0,0.0,NC,non_collinear,Q-based,P-3|Cu-Re,1ReCu2I6-1,False,"[0.3333333333333333, 0.3333333333333333, 0.0]",46.81995985797016,both
,,,,,,,,,,1RhI2-1,,"[0.19047619047619047, 0.19047619047619047, 0.0]",2.300350022695241,right_only
,,,,,,,,,,1SSeV-1,,"[0.0, 0.0, 0.0]",3.913513610527275,right_only
,,,,,,,,,,1SSeV-2,,"[0.0, 0.0, 0.0]",0.7996639104703718,right_only
VSTe,0.0,0.0,P3m1,84.0,330.0,FM,collinear,Q=Gamma,P3m1|V,1STeV-1,True,"[0.0, 0.0, 0.0]",22.210231373133382,both
,,,,,,,,,,1STeV-2,,"[0.0, 0.0, 0.0]",7.864508347996235,right_only
Au2VI4S,0.0,0.0,P1,58.0,82.0,FM,collinear,Q=Gamma,P1|Au-V,1SVAu2I4-1,False,,,left_only
,,,,,,,,,,1ScBr2-1,,"[0.047619047619047616, 0.047619047619047616, 0.0]",0.9009624739402255,right_only
,,,,,,,,,,1ScCl2-1,,"[0.05, 0.0, 0.0]",1.6228792793455682,right_only
ScH2,0.0,0.0,P-6m2,90.0,62.0,FM,collinear,Q=Gamma,P-6m2|Sc,1ScH2-1,False,"[0.0, 0.0, 0.0]",53.45091676876734,both
,,,,,,,,,,1ScI2-2,,"[0.0, 0.0, 0.0]",0.06636359437095507,right_only
ScO2,0.0,0.0,P-3m1,90.0,118.0,FM,collinear,Q=Gamma,P-3m1|Sc,1ScO2-1,False,"[0.0, 0.0, 0.0]",88.45665538761338,both
ScO2,0.0,0.0,P-6m2,90.0,126.0,FM,collinear,Q=Gamma,P-6m2|Sc,1ScO2-2,False,"[0.0, 0.0, 0.0]",8.307934323614319,both
ScS2,0.0,0.0,P-6m2,90.0,176.0,FM,collinear,Q=Gamma,P-6m2|Sc,1ScS2-2,False,"[0.0, 0.0, 0.0]",6.620184655929506,both
ScSe2,0.0,0.0,P-6m2,90.0,0.0,FM,collinear,Q=Gamma,P-6m2|Sc,1ScSe2-2,False,"[0.0, 0.0, 0.0]",7.1463132338145385,both
VSeTe,0.0,0.0,P3m1,90.0,240.0,FM,collinear,Q=Gamma,P3m1|V,1SeTeV-1,True,"[0.0, 0.0, 0.0]",22.662350368513273,both
VSeTe,0.0,0.0,P3m1,90.0,300.0,FM,collinear,Q=Gamma,P3m1|V,1SeTeV-2,True,"[0.0, 0.0, 0.0]",9.566821843815632,both
TaO2,0.0,0.0,P-4m2,0.0,0.0,DM_SS,non_collinear,Table1,P-4m2|Ta,1TaO2-3,False,"[0.0, 0.0, 0.0]",18.66116732648493,both
Al2VS4,0.3333333333333333,0.3333333333333333,P-3m1,2.0,120.0,NC,non_collinear,Q-based,P-3m1|V,1VAl2S4-1,False,"[0.3333333333333333, 0.3333333333333333, 0.0]",127.85104533692504,both
Al2VSe4,0.3333333333333333,0.3333333333333333,P-3m1,90.0,242.0,NC,non_collinear,Q-based,P-3m1|V,1VAl2Se4-1,False,"[0.3333333333333333, 0.3333333333333333, 0.0]",60.684964220634185,both
Al2VTe4,0.1666666666666666,0.1666666666666666,P-3m1,90.0,150.0,NC,non_collinear,Q-based,P-3m1|V,1VAl2Te4-1,False,"[0.16666666666666666, 0.16666666666666666, 0.0]",12.02137345522658,both
VBr2,0.3333333333333333,0.3333333333333333,P-3m1,88.0,42.0,NC,non_collinear,Q-based,P-3m1|V,1VBr2-1,False,"[0.3333333333333333, 0.3333333333333333, 0.0]",36.142693288864436,both
VCl2,0.3333333333333333,0.3333333333333333,P-3m1,90.0,58.0,NC,non_collinear,Q-based,P-3m1|V,1VCl2-1,False,"[0.3333333333333333, 0.3333333333333333, 0.0]",60.02074149929726,both
Ga2VS4,0.3333333333333333,0.3333333333333333,P-3m1,88.0,148.0,NC,non_collinear,Q-based,P-3m1|V,1VGa2S4-1,False,"[0.3333333333333333, 0.3333333333333333, 0.0]",92.19402264457699,both
Ga2VSe4,0.2857142857142857,0.2857142857142857,P-3m1,90.0,328.0,NC,non_collinear,Q-based,P-3m1|V,1VGa2Se4-1,False,"[0.2857142857142857, 0.2857142857142857, 0.0]",37.07461709405635,both
Ga2VTe4,0.2,0.0,P-3m1,90.0,212.0,NC,non_collinear,Q-based,P-3m1|V,1VGa2Te4-1,False,"[0.2, 0.0, 0.0]",11.627537746797145,both
VI2,0.1428571428571428,0.1428571428571428,P-3m1,42.0,324.0,NC,non_collinear,Q-based,P-3m1|V,1VI2-1,False,"[0.14285714285714285, 0.14285714285714285, 0.0]",9.859059738230869,both
In2VSe4,0.0,0.0,P-3m1,88.0,208.0,FM,collinear,Q=Gamma,P-3m1|V,1VIn2Se4-1,False,"[0.0, 0.0, 0.0]",16.892621300634403,both
In2VTe4,0.0,0.0,P-3m1,90.0,96.0,FM,collinear,Q=Gamma,P-3m1|V,1VIn2Te4-1,False,"[0.0, 0.0, 0.0]",30.96239332866446,both
VO2,0.0,0.0,P-4m2,0.0,0.0,FM,collinear,Q=Gamma,P-4m2|V,1VO2-2,False,"[0.0, 0.0, 0.0]",63.99993202631293,both
,,,,,,,,,,1VO2-3,,"[0.0, 0.0, 0.0]",7.638560842018194,right_only
,,,,,,,,,,1VS2-1,,"[0.07142857142857145, 0.07142857142857145, 0.0]",3.3726334240924416,right_only
,,,,,,,,,,1VS2-2,,"[0.0, 0.0, 0.0]",1.3120380227356065,right_only
VS2,0.0,0.0,P-4m2,90.0,270.0,FM,collinear,Q=Gamma,P-4m2|V,1VS2-3,False,"[0.0, 0.0, 0.0]",70.2417077531372,both
VSe2,0.0,0.0,P-6m2,90.0,270.0,FM,collinear,Q=Gamma,P-6m2|V,1VSe2-1,False,"[0.0, 0.0, 0.0]",19.09986395439489,both
,,,,,,,,,,1VSe2-2,,"[0.0, 0.0, 0.0]",2.149745352948429,right_only
VSe2,0.0,0.0,P-4m2,90.0,312.0,FM,collinear,Q=Gamma,P-4m2|V,1VSe2-3,False,"[0.0, 0.0, 0.0]",111.679658389928,both
VTe2,0.0,0.0,P-6m2,88.0,270.0,FM,collinear,Q=Gamma,P-6m2|V,1VTe2-1,False,"[0.0, 0.0, 0.0]",41.6739060912974,both
,,,,,,,,,,1YBr2-1,,"[0.2, 0.0, 0.0]",10.700778502444663,right_only
YCl2,0.2,0.0,P-6m2,0.0,0.0,NC,non_collinear,Q-based,P-6m2|Y,1YCl2-1,False,"[0.2, 0.0, 0.0]",24.708920274106205,both
,,,,,,,,,,1YI2-1,,"[0.0, 0.0, 0.0]",0.021392395360919636,right_only
